# Freq(GHz) Re(Z) Im(Z)
0.000000e+00 1.330903e+01 -9.414203e-10
1.000000e-02 -3.067912e+03 1.602656e+03
2.000000e-02 -6.373643e+03 2.979213e+03
3.000000e-02 -6.149793e+03 4.317069e+03
4.000000e-02 -5.904889e+03 5.631364e+03
5.000000e-02 -5.631719e+03 6.928135e+03
6.000000e-02 -5.326971e+03 8.209571e+03
7.000000e-02 -4.988633e+03 9.476609e+03
8.000000e-02 -4.616010e+03 1.072893e+04
9.000000e-02 -4.208023e+03 1.196664e+04
1.000000e-01 -3.764903e+03 1.318861e+04
1.100000e-01 -3.286103e+03 1.439453e+04
1.200000e-01 -2.771840e+03 1.558340e+04
1.300000e-01 -2.222401e+03 1.675418e+04
1.400000e-01 -1.637864e+03 1.790614e+04
1.500000e-01 -1.018643e+03 1.903822e+04
1.600000e-01 -3.652820e+02 2.014934e+04
1.700000e-01 3.217140e+02 2.123850e+04
1.800000e-01 1.041838e+03 2.230476e+04
1.900000e-01 1.794556e+03 2.334720e+04
2.000000e-01 2.578875e+03 2.436455e+04
2.100000e-01 3.394375e+03 2.535611e+04
2.200000e-01 4.240093e+03 2.632076e+04
2.300000e-01 5.115461e+03 2.725783e+04
2.400000e-01 6.019194e+03 2.816594e+04
2.500000e-01 6.950782e+03 2.904462e+04
2.600000e-01 7.909194e+03 2.989299e+04
2.700000e-01 8.893400e+03 3.071022e+04
2.800000e-01 9.902314e+03 3.149526e+04
2.900000e-01 1.093508e+04 3.224753e+04
3.000000e-01 1.199065e+04 3.296629e+04
3.100000e-01 1.306792e+04 3.365083e+04
3.200000e-01 1.416580e+04 3.430050e+04
3.300000e-01 1.528316e+04 3.491467e+04
3.400000e-01 1.641884e+04 3.549276e+04
3.500000e-01 1.757169e+04 3.603424e+04
3.600000e-01 1.874044e+04 3.653851e+04
3.700000e-01 1.992392e+04 3.700515e+04
3.800000e-01 2.112096e+04 3.743378e+04
3.900000e-01 2.233033e+04 3.782403e+04
4.000000e-01 2.355079e+04 3.817555e+04
4.100000e-01 2.478106e+04 3.848803e+04
4.200000e-01 2.601974e+04 3.876107e+04
4.300000e-01 2.726573e+04 3.899465e+04
4.400000e-01 2.851776e+04 3.918859e+04
4.500000e-01 2.977442e+04 3.934262e+04
4.600000e-01 3.103446e+04 3.945672e+04
4.700000e-01 3.229668e+04 3.953093e+04
4.800000e-01 3.355969e+04 3.956515e+04
4.900000e-01 3.482220e+04 3.955942e+04
5.000000e-01 3.608307e+04 3.951396e+04
5.100000e-01 3.734078e+04 3.942868e+04
5.200000e-01 3.859425e+04 3.930401e+04
5.300000e-01 3.984221e+04 3.914012e+04
5.400000e-01 4.108323e+04 3.893707e+04
5.500000e-01 4.231634e+04 3.869539e+04
5.600000e-01 4.353998e+04 3.841513e+04
5.700000e-01 4.475323e+04 3.809695e+04
5.800000e-01 4.595468e+04 3.774107e+04
5.900000e-01 4.714329e+04 3.734810e+04
6.000000e-01 4.831778e+04 3.691843e+04
6.100000e-01 4.947707e+04 3.645265e+04
6.200000e-01 5.062000e+04 3.595132e+04
6.300000e-01 5.174547e+04 3.541503e+04
6.400000e-01 5.285239e+04 3.484445e+04
6.500000e-01 5.393970e+04 3.424027e+04
6.600000e-01 5.500635e+04 3.360316e+04
6.700000e-01 5.605139e+04 3.293393e+04
6.800000e-01 5.707373e+04 3.223327e+04
6.900000e-01 5.807259e+04 3.150215e+04
7.000000e-01 5.904678e+04 3.074116e+04
7.100000e-01 5.999573e+04 2.995147e+04
7.200000e-01 6.091823e+04 2.913365e+04
7.300000e-01 6.181376e+04 2.828890e+04
7.400000e-01 6.268135e+04 2.741803e+04
7.500000e-01 6.352028e+04 2.652203e+04
7.600000e-01 6.432991e+04 2.560201e+04
7.700000e-01 6.510931e+04 2.465872e+04
7.800000e-01 6.585810e+04 2.369353e+04
7.900000e-01 6.657543e+04 2.270723e+04
8.000000e-01 6.726086e+04 2.170103e+04
8.100000e-01 6.791391e+04 2.067608e+04
8.200000e-01 6.853380e+04 1.963319e+04
8.300000e-01 6.912035e+04 1.857381e+04
8.400000e-01 6.967301e+04 1.749891e+04
8.500000e-01 7.019134e+04 1.640960e+04
8.600000e-01 7.067517e+04 1.530721e+04
8.700000e-01 7.112396e+04 1.419266e+04
8.800000e-01 7.153757e+04 1.306726e+04
8.900000e-01 7.191588e+04 1.193226e+04
9.000000e-01 7.225838e+04 1.078856e+04
9.100000e-01 7.256520e+04 9.637568e+03
9.200000e-01 7.283624e+04 8.480512e+03
9.300000e-01 7.307115e+04 7.318251e+03
9.400000e-01 7.327016e+04 6.152259e+03
9.500000e-01 7.343332e+04 4.983717e+03
9.600000e-01 7.356036e+04 3.813491e+03
9.700000e-01 7.365166e+04 2.643026e+03
9.800000e-01 7.370737e+04 1.473490e+03
9.900000e-01 7.372737e+04 3.057688e+02
1.000000e+00 7.371209e+04 -8.587977e+02
1.010000e+00 7.366182e+04 -2.019033e+03
1.020000e+00 7.357663e+04 -3.174011e+03
1.030000e+00 7.345684e+04 -4.322538e+03
1.040000e+00 7.330289e+04 -5.463414e+03
1.050000e+00 7.311518e+04 -6.595687e+03
1.060000e+00 7.289399e+04 -7.718445e+03
1.070000e+00 7.264001e+04 -8.830424e+03
1.080000e+00 7.235372e+04 -9.930637e+03
1.090000e+00 7.203537e+04 -1.101834e+04
1.100000e+00 7.168574e+04 -1.209235e+04
1.110000e+00 7.130543e+04 -1.315167e+04
1.120000e+00 7.089497e+04 -1.419548e+04
1.130000e+00 7.045488e+04 -1.522299e+04
1.140000e+00 6.998603e+04 -1.623313e+04
1.150000e+00 6.948912e+04 -1.722505e+04
1.160000e+00 6.896468e+04 -1.819811e+04
1.170000e+00 6.841352e+04 -1.915145e+04
1.180000e+00 6.783653e+04 -2.008420e+04
1.190000e+00 6.723448e+04 -2.099562e+04
1.200000e+00 6.660793e+04 -2.188526e+04
1.210000e+00 6.595794e+04 -2.275225e+04
1.220000e+00 6.528537e+04 -2.359589e+04
1.230000e+00 6.459109e+04 -2.441559e+04
1.240000e+00 6.387573e+04 -2.521103e+04
1.250000e+00 6.314044e+04 -2.598142e+04
1.260000e+00 6.238613e+04 -2.672624e+04
1.270000e+00 6.161373e+04 -2.744500e+04
1.280000e+00 6.082393e+04 -2.813752e+04
1.290000e+00 6.001764e+04 -2.880283e+04
1.300000e+00 5.919606e+04 -2.944082e+04
1.310000e+00 5.836019e+04 -3.005120e+04
1.320000e+00 5.751081e+04 -3.063384e+04
1.330000e+00 5.664903e+04 -3.118835e+04
1.340000e+00 5.577587e+04 -3.171444e+04
1.350000e+00 5.489234e+04 -3.221189e+04
1.360000e+00 5.399930e+04 -3.268065e+04
1.370000e+00 5.309772e+04 -3.312062e+04
1.380000e+00 5.218870e+04 -3.353157e+04
1.390000e+00 5.127324e+04 -3.391341e+04
1.400000e+00 5.035233e+04 -3.426613e+04
1.410000e+00 4.942666e+04 -3.458998e+04
1.420000e+00 4.849746e+04 -3.488476e+04
1.430000e+00 4.756572e+04 -3.515052e+04
1.440000e+00 4.663238e+04 -3.538736e+04
1.450000e+00 4.569827e+04 -3.559552e+04
1.460000e+00 4.476429e+04 -3.577522e+04
1.470000e+00 4.383151e+04 -3.592652e+04
1.480000e+00 4.290085e+04 -3.604962e+04
1.490000e+00 4.197320e+04 -3.614480e+04
1.500000e+00 4.104930e+04 -3.621250e+04
1.510000e+00 4.013006e+04 -3.625296e+04
1.520000e+00 3.921646e+04 -3.626644e+04
1.530000e+00 3.830932e+04 -3.625331e+04
1.540000e+00 3.740943e+04 -3.621378e+04
1.550000e+00 3.651738e+04 -3.614806e+04
1.560000e+00 3.563414e+04 -3.605706e+04
1.570000e+00 3.476051e+04 -3.594119e+04
1.580000e+00 3.389724e+04 -3.580097e+04
1.590000e+00 3.304504e+04 -3.563689e+04
1.600000e+00 3.220444e+04 -3.544967e+04
1.610000e+00 3.137619e+04 -3.523979e+04
1.620000e+00 3.056103e+04 -3.500773e+04
1.630000e+00 2.975957e+04 -3.475410e+04
1.640000e+00 2.897243e+04 -3.447952e+04
1.650000e+00 2.820004e+04 -3.418474e+04
1.660000e+00 2.744295e+04 -3.387041e+04
1.670000e+00 2.670180e+04 -3.353708e+04
1.680000e+00 2.597709e+04 -3.318542e+04
1.690000e+00 2.526929e+04 -3.281612e+04
1.700000e+00 2.457880e+04 -3.242991e+04
1.710000e+00 2.390584e+04 -3.202769e+04
1.720000e+00 2.325103e+04 -3.160996e+04
1.730000e+00 2.261471e+04 -3.117747e+04
1.740000e+00 2.199721e+04 -3.073093e+04
1.750000e+00 2.139883e+04 -3.027110e+04
1.760000e+00 2.081972e+04 -2.979885e+04
1.770000e+00 2.026014e+04 -2.931491e+04
1.780000e+00 1.972039e+04 -2.881995e+04
1.790000e+00 1.920070e+04 -2.831469e+04
1.800000e+00 1.870155e+04 -2.779930e+04
1.810000e+00 1.822295e+04 -2.727481e+04
1.820000e+00 1.776459e+04 -2.674248e+04
1.830000e+00 1.732669e+04 -2.620295e+04
1.840000e+00 1.690934e+04 -2.565693e+04
1.850000e+00 1.651255e+04 -2.510515e+04
1.860000e+00 1.613634e+04 -2.454837e+04
1.870000e+00 1.578065e+04 -2.398733e+04
1.880000e+00 1.544526e+04 -2.342291e+04
1.890000e+00 1.513021e+04 -2.285573e+04
1.900000e+00 1.483545e+04 -2.228644e+04
1.910000e+00 1.456084e+04 -2.171575e+04
1.920000e+00 1.430622e+04 -2.114436e+04
1.930000e+00 1.407141e+04 -2.057293e+04
1.940000e+00 1.385606e+04 -2.000232e+04
1.950000e+00 1.366002e+04 -1.943307e+04
1.960000e+00 1.348311e+04 -1.886577e+04
1.970000e+00 1.332506e+04 -1.830105e+04
1.980000e+00 1.318558e+04 -1.773951e+04
1.990000e+00 1.306437e+04 -1.718177e+04
2.000000e+00 1.296102e+04 -1.662848e+04
2.010000e+00 1.287511e+04 -1.608028e+04
2.020000e+00 1.280642e+04 -1.553757e+04
2.030000e+00 1.275458e+04 -1.500087e+04
2.040000e+00 1.271918e+04 -1.447070e+04
2.050000e+00 1.269983e+04 -1.394755e+04
2.060000e+00 1.269738e+04 -1.343133e+04
2.070000e+00 1.270993e+04 -1.292324e+04
2.080000e+00 1.273714e+04 -1.242358e+04
2.090000e+00 1.277861e+04 -1.193272e+04
2.100000e+00 1.283384e+04 -1.145105e+04
2.110000e+00 1.290235e+04 -1.097895e+04
2.120000e+00 1.298366e+04 -1.051676e+04
2.130000e+00 1.307724e+04 -1.006484e+04
2.140000e+00 1.318239e+04 -9.623667e+03
2.150000e+00 1.329880e+04 -9.193338e+03
2.160000e+00 1.342593e+04 -8.774102e+03
2.170000e+00 1.356327e+04 -8.366227e+03
2.180000e+00 1.371028e+04 -7.969899e+03
2.190000e+00 1.386642e+04 -7.585352e+03
2.200000e+00 1.403114e+04 -7.212749e+03
2.210000e+00 1.420372e+04 -6.852434e+03
2.220000e+00 1.438381e+04 -6.504341e+03
2.230000e+00 1.457087e+04 -6.168598e+03
2.240000e+00 1.476436e+04 -5.845272e+03
2.250000e+00 1.496375e+04 -5.534438e+03
2.260000e+00 1.516850e+04 -5.236148e+03
2.270000e+00 1.537807e+04 -4.950434e+03
2.280000e+00 1.559177e+04 -4.677451e+03
2.290000e+00 1.580922e+04 -4.417073e+03
2.300000e+00 1.602992e+04 -4.169217e+03
2.310000e+00 1.625402e+04 -3.933947e+03
2.320000e+00 1.648136e+04 -3.711273e+03
2.330000e+00 1.671047e+04 -3.500911e+03
2.340000e+00 1.694083e+04 -3.302745e+03
2.350000e+00 1.717190e+04 -3.116726e+03
2.360000e+00 1.740316e+04 -2.942766e+03
2.370000e+00 1.763428e+04 -2.780568e+03
2.380000e+00 1.786480e+04 -2.629949e+03
2.390000e+00 1.809431e+04 -2.490729e+03
2.400000e+00 1.832236e+04 -2.362702e+03
2.410000e+00 1.854855e+04 -2.245632e+03
2.420000e+00 1.877249e+04 -2.139291e+03
2.430000e+00 1.899365e+04 -2.043565e+03
2.440000e+00 1.921174e+04 -1.958123e+03
2.450000e+00 1.942645e+04 -1.882611e+03
2.460000e+00 1.963744e+04 -1.816758e+03
2.470000e+00 1.984440e+04 -1.760264e+03
2.480000e+00 2.004700e+04 -1.712823e+03
2.490000e+00 2.024495e+04 -1.674117e+03
2.500000e+00 2.043798e+04 -1.643824e+03
2.510000e+00 2.062567e+04 -1.621754e+03
2.520000e+00 2.080787e+04 -1.607478e+03
2.530000e+00 2.098439e+04 -1.600594e+03
2.540000e+00 2.115502e+04 -1.600753e+03
2.550000e+00 2.131956e+04 -1.607596e+03
2.560000e+00 2.147782e+04 -1.620764e+03
2.570000e+00 2.163066e+04 -1.640892e+03
2.580000e+00 2.177720e+04 -1.666905e+03
2.590000e+00 2.191693e+04 -1.698251e+03
2.600000e+00 2.204974e+04 -1.734525e+03
2.610000e+00 2.217561e+04 -1.775288e+03
2.620000e+00 2.229447e+04 -1.820138e+03
2.630000e+00 2.240624e+04 -1.868725e+03
2.640000e+00 2.251089e+04 -1.920681e+03
2.650000e+00 2.260837e+04 -1.975610e+03
2.660000e+00 2.269868e+04 -2.033169e+03
2.670000e+00 2.278179e+04 -2.092984e+03
2.680000e+00 2.285756e+04 -2.154890e+03
2.690000e+00 2.292618e+04 -2.218324e+03
2.700000e+00 2.298771e+04 -2.282954e+03
2.710000e+00 2.304221e+04 -2.348420e+03
2.720000e+00 2.308974e+04 -2.414397e+03
2.730000e+00 2.313038e+04 -2.480539e+03
2.740000e+00 2.316426e+04 -2.546533e+03
2.750000e+00 2.319147e+04 -2.612044e+03
2.760000e+00 2.321208e+04 -2.676827e+03
2.770000e+00 2.322617e+04 -2.740665e+03
2.780000e+00 2.323400e+04 -2.803114e+03
2.790000e+00 2.323576e+04 -2.863898e+03
2.800000e+00 2.323159e+04 -2.922749e+03
2.810000e+00 2.322168e+04 -2.979399e+03
2.820000e+00 2.320630e+04 -3.033866e+03
2.830000e+00 2.318588e+04 -3.087225e+03
2.840000e+00 2.316035e+04 -3.137659e+03
2.850000e+00 2.312986e+04 -3.185006e+03
2.860000e+00 2.309455e+04 -3.229131e+03
2.870000e+00 2.305480e+04 -3.269722e+03
2.880000e+00 2.301083e+04 -3.306581e+03
2.890000e+00 2.296291e+04 -3.339540e+03
2.900000e+00 2.291127e+04 -3.368457e+03
2.910000e+00 2.285619e+04 -3.393165e+03
2.920000e+00 2.279792e+04 -3.413545e+03
2.930000e+00 2.273672e+04 -3.429475e+03
2.940000e+00 2.267286e+04 -3.440857e+03
2.950000e+00 2.260646e+04 -3.447749e+03
2.960000e+00 2.253792e+04 -3.449933e+03
2.970000e+00 2.246755e+04 -3.447332e+03
2.980000e+00 2.239562e+04 -3.439891e+03
2.990000e+00 2.232240e+04 -3.427557e+03
3.000000e+00 2.224816e+04 -3.410324e+03
3.010000e+00 2.217318e+04 -3.388158e+03
3.020000e+00 2.209775e+04 -3.361077e+03
3.030000e+00 2.202211e+04 -3.329080e+03
3.040000e+00 2.194651e+04 -3.292243e+03
3.050000e+00 2.187111e+04 -3.250683e+03
3.060000e+00 2.179631e+04 -3.204329e+03
3.070000e+00 2.172238e+04 -3.153230e+03
3.080000e+00 2.164922e+04 -3.098361e+03
3.090000e+00 2.157709e+04 -3.039727e+03
3.100000e+00 2.150658e+04 -2.976614e+03
3.110000e+00 2.143790e+04 -2.909114e+03
3.120000e+00 2.137129e+04 -2.837355e+03
3.130000e+00 2.130697e+04 -2.761450e+03
3.140000e+00 2.124512e+04 -2.681603e+03
3.150000e+00 2.118586e+04 -2.598016e+03
3.160000e+00 2.112952e+04 -2.510730e+03
3.170000e+00 2.107628e+04 -2.419892e+03
3.180000e+00 2.102635e+04 -2.325695e+03
3.190000e+00 2.097989e+04 -2.228322e+03
3.200000e+00 2.093706e+04 -2.127931e+03
3.210000e+00 2.089801e+04 -2.024750e+03
3.220000e+00 2.086291e+04 -1.918949e+03
3.230000e+00 2.083188e+04 -1.810764e+03
3.240000e+00 2.080505e+04 -1.700384e+03
3.250000e+00 2.078235e+04 -1.588207e+03
3.260000e+00 2.076407e+04 -1.474281e+03
3.270000e+00 2.075031e+04 -1.358832e+03
3.280000e+00 2.074114e+04 -1.242086e+03
3.290000e+00 2.073663e+04 -1.124280e+03
3.300000e+00 2.073686e+04 -1.005651e+03
3.310000e+00 2.074186e+04 -8.864361e+02
3.320000e+00 2.075166e+04 -7.668716e+02
3.330000e+00 2.076631e+04 -6.471943e+02
3.340000e+00 2.078461e+04 -5.285968e+02
3.350000e+00 2.080757e+04 -4.105624e+02
3.360000e+00 2.083527e+04 -2.932357e+02
3.370000e+00 2.086781e+04 -1.767530e+02
3.380000e+00 2.090516e+04 -6.137232e+01
3.390000e+00 2.094726e+04 5.269257e+01
3.400000e+00 2.099408e+04 1.651937e+02
3.410000e+00 2.104555e+04 2.759088e+02
3.420000e+00 2.110160e+04 3.846122e+02
3.430000e+00 2.116214e+04 4.910698e+02
3.440000e+00 2.122709e+04 5.950675e+02
3.450000e+00 2.129633e+04 6.963882e+02
3.460000e+00 2.136969e+04 7.947521e+02
3.470000e+00 2.144703e+04 8.899322e+02
3.480000e+00 2.152829e+04 9.818210e+02
3.490000e+00 2.161334e+04 1.070230e+03
3.500000e+00 2.170204e+04 1.154969e+03
3.510000e+00 2.179422e+04 1.235862e+03
3.520000e+00 2.188972e+04 1.312737e+03
3.530000e+00 2.198838e+04 1.385429e+03
3.540000e+00 2.208999e+04 1.453782e+03
3.550000e+00 2.219440e+04 1.517647e+03
3.560000e+00 2.230138e+04 1.576887e+03
3.570000e+00 2.241074e+04 1.631354e+03
3.580000e+00 2.252213e+04 1.680795e+03
3.590000e+00 2.263508e+04 1.725166e+03
3.600000e+00 2.274868e+04 1.764231e+03
3.610000e+00 2.286381e+04 1.798111e+03
3.620000e+00 2.298025e+04 1.826720e+03
3.630000e+00 2.309778e+04 1.849984e+03
3.640000e+00 2.321616e+04 1.867843e+03
3.650000e+00 2.333515e+04 1.880241e+03
3.660000e+00 2.345451e+04 1.887138e+03
3.670000e+00 2.357402e+04 1.888499e+03
3.680000e+00 2.369343e+04 1.884303e+03
3.690000e+00 2.381245e+04 1.874477e+03
3.700000e+00 2.393078e+04 1.858983e+03
3.710000e+00 2.404830e+04 1.837930e+03
3.720000e+00 2.416475e+04 1.811340e+03
3.730000e+00 2.427989e+04 1.779241e+03
3.740000e+00 2.439350e+04 1.741676e+03
3.750000e+00 2.450533e+04 1.698696e+03
3.760000e+00 2.461516e+04 1.650361e+03
3.770000e+00 2.472274e+04 1.596745e+03
3.780000e+00 2.482785e+04 1.537930e+03
3.790000e+00 2.493026e+04 1.474006e+03
3.800000e+00 2.502976e+04 1.405077e+03
3.810000e+00 2.512607e+04 1.331201e+03
3.820000e+00 2.521894e+04 1.252441e+03
3.830000e+00 2.530824e+04 1.169034e+03
3.840000e+00 2.539379e+04 1.081119e+03
3.850000e+00 2.547451e+04 9.890402e+02
3.860000e+00 2.555063e+04 8.928709e+02
3.870000e+00 2.562241e+04 7.926610e+02
3.880000e+00 2.568970e+04 6.885702e+02
3.890000e+00 2.575232e+04 5.807808e+02
3.900000e+00 2.581011e+04 4.694862e+02
3.910000e+00 2.586293e+04 3.548796e+02
3.920000e+00 2.591062e+04 2.371541e+02
3.930000e+00 2.595303e+04 1.165143e+02
3.940000e+00 2.598993e+04 -6.962769e+00
3.950000e+00 2.602130e+04 -1.329519e+02
3.960000e+00 2.604704e+04 -2.612085e+02
3.970000e+00 2.606705e+04 -3.915067e+02
3.980000e+00 2.608125e+04 -5.236197e+02
3.990000e+00 2.608956e+04 -6.573097e+02
4.000000e+00 2.609189e+04 -7.923396e+02
4.010000e+00 2.608820e+04 -9.284716e+02
4.020000e+00 2.607841e+04 -1.065468e+03
4.030000e+00 2.606250e+04 -1.203082e+03
4.040000e+00 2.604042e+04 -1.341052e+03
4.050000e+00 2.601217e+04 -1.479153e+03
4.060000e+00 2.597772e+04 -1.617126e+03
4.070000e+00 2.593694e+04 -1.754864e+03
4.080000e+00 2.588995e+04 -1.891989e+03
4.090000e+00 2.583680e+04 -2.028242e+03
4.100000e+00 2.577748e+04 -2.163358e+03
4.110000e+00 2.571099e+04 -2.296403e+03
4.120000e+00 2.563845e+04 -2.427833e+03
4.130000e+00 2.555991e+04 -2.557424e+03
4.140000e+00 2.547546e+04 -2.684917e+03
4.150000e+00 2.538515e+04 -2.810074e+03
4.160000e+00 2.528910e+04 -2.932673e+03
4.170000e+00 2.518738e+04 -3.052477e+03
4.180000e+00 2.508012e+04 -3.169263e+03
4.190000e+00 2.496742e+04 -3.282806e+03
4.200000e+00 2.484931e+04 -3.392994e+03
4.210000e+00 2.472598e+04 -3.499563e+03
4.220000e+00 2.459763e+04 -3.602273e+03
4.230000e+00 2.446438e+04 -3.700901e+03
4.240000e+00 2.432642e+04 -3.795277e+03
4.250000e+00 2.418390e+04 -3.885193e+03
4.260000e+00 2.403699e+04 -3.970478e+03
4.270000e+00 2.388589e+04 -4.050967e+03
4.280000e+00 2.373077e+04 -4.126480e+03
4.290000e+00 2.357184e+04 -4.196874e+03
4.300000e+00 2.340930e+04 -4.261993e+03
4.310000e+00 2.324335e+04 -4.321693e+03
4.320000e+00 2.307418e+04 -4.375851e+03
4.330000e+00 2.290206e+04 -4.424336e+03
4.340000e+00 2.272703e+04 -4.467163e+03
4.350000e+00 2.254946e+04 -4.504118e+03
4.360000e+00 2.236925e+04 -4.534656e+03
4.370000e+00 2.218649e+04 -4.558466e+03
4.380000e+00 2.200189e+04 -4.576129e+03
4.390000e+00 2.181571e+04 -4.587571e+03
4.400000e+00 2.162817e+04 -4.592726e+03
4.410000e+00 2.143954e+04 -4.591562e+03
4.420000e+00 2.125003e+04 -4.584037e+03
4.430000e+00 2.105993e+04 -4.570110e+03
4.440000e+00 2.086946e+04 -4.549771e+03
4.450000e+00 2.067887e+04 -4.523013e+03
4.460000e+00 2.048842e+04 -4.489837e+03
4.470000e+00 2.029835e+04 -4.450258e+03
4.480000e+00 2.010882e+04 -4.404374e+03
4.490000e+00 1.992010e+04 -4.352200e+03
4.500000e+00 1.973250e+04 -4.293700e+03
4.510000e+00 1.954627e+04 -4.228942e+03
4.520000e+00 1.936164e+04 -4.157976e+03
4.530000e+00 1.917885e+04 -4.080882e+03
4.540000e+00 1.899813e+04 -3.997721e+03
4.550000e+00 1.881971e+04 -3.908606e+03
4.560000e+00 1.864382e+04 -3.813621e+03
4.570000e+00 1.847068e+04 -3.712868e+03
4.580000e+00 1.830051e+04 -3.606474e+03
4.590000e+00 1.813352e+04 -3.494555e+03
4.600000e+00 1.796992e+04 -3.377249e+03
4.610000e+00 1.780991e+04 -3.254680e+03
4.620000e+00 1.765340e+04 -3.125886e+03
4.630000e+00 1.750065e+04 -2.991970e+03
4.640000e+00 1.735204e+04 -2.853266e+03
4.650000e+00 1.720777e+04 -2.709940e+03
4.660000e+00 1.706800e+04 -2.562185e+03
4.670000e+00 1.693289e+04 -2.410162e+03
4.680000e+00 1.680260e+04 -2.254065e+03
4.690000e+00 1.667727e+04 -2.094097e+03
4.700000e+00 1.655703e+04 -1.930453e+03
4.710000e+00 1.644203e+04 -1.763335e+03
4.720000e+00 1.633237e+04 -1.592959e+03
4.730000e+00 1.622817e+04 -1.419532e+03
4.740000e+00 1.612954e+04 -1.243266e+03
4.750000e+00 1.603657e+04 -1.064401e+03
4.760000e+00 1.594934e+04 -8.831404e+02
4.770000e+00 1.586793e+04 -6.997215e+02
4.780000e+00 1.579229e+04 -5.144987e+02
4.790000e+00 1.572258e+04 -3.275958e+02
4.800000e+00 1.565885e+04 -1.392345e+02
4.810000e+00 1.560116e+04 5.034676e+01
4.820000e+00 1.554954e+04 2.409339e+02
4.830000e+00 1.550399e+04 4.322673e+02
4.840000e+00 1.546453e+04 6.241212e+02
4.850000e+00 1.543117e+04 8.162595e+02
4.860000e+00 1.540389e+04 1.008434e+03
4.870000e+00 1.538273e+04 1.200680e+03
4.880000e+00 1.536792e+04 1.393854e+03
4.890000e+00 1.535911e+04 1.586388e+03
4.900000e+00 1.535625e+04 1.778025e+03
4.910000e+00 1.535930e+04 1.968563e+03
4.920000e+00 1.536818e+04 2.157755e+03
4.930000e+00 1.538280e+04 2.345362e+03
4.940000e+00 1.540299e+04 2.531092e+03
4.950000e+00 1.542877e+04 2.714825e+03
4.960000e+00 1.546004e+04 2.896359e+03
4.970000e+00 1.549670e+04 3.075484e+03
4.980000e+00 1.553863e+04 3.252017e+03
4.990000e+00 1.558572e+04 3.425747e+03
5.000000e+00 1.563782e+04 3.596487e+03
5.010000e+00 1.569481e+04 3.764059e+03
5.020000e+00 1.575655e+04 3.928280e+03
5.030000e+00 1.582287e+04 4.088980e+03
5.040000e+00 1.589363e+04 4.245995e+03
5.050000e+00 1.596866e+04 4.399168e+03
5.060000e+00 1.604779e+04 4.548347e+03
5.070000e+00 1.613086e+04 4.693389e+03
5.080000e+00 1.621767e+04 4.834155e+03
5.090000e+00 1.630804e+04 4.970519e+03
5.100000e+00 1.640166e+04 5.102226e+03
5.110000e+00 1.649846e+04 5.229298e+03
5.120000e+00 1.659825e+04 5.351630e+03
5.130000e+00 1.670147e+04 5.469819e+03
5.140000e+00 1.680785e+04 5.583695e+03
5.150000e+00 1.691660e+04 5.692570e+03
5.160000e+00 1.702752e+04 5.796371e+03
5.170000e+00 1.714039e+04 5.895039e+03
5.180000e+00 1.725501e+04 5.988517e+03
5.190000e+00 1.737115e+04 6.076764e+03
5.200000e+00 1.748861e+04 6.159744e+03
5.210000e+00 1.760716e+04 6.237430e+03
5.220000e+00 1.772659e+04 6.309804e+03
5.230000e+00 1.784668e+04 6.376859e+03
5.240000e+00 1.796722e+04 6.438592e+03
5.250000e+00 1.808799e+04 6.495014e+03
5.260000e+00 1.820874e+04 6.546098e+03
5.270000e+00 1.832920e+04 6.591822e+03
5.280000e+00 1.844926e+04 6.632312e+03
5.290000e+00 1.856870e+04 6.667612e+03
5.300000e+00 1.868732e+04 6.697773e+03
5.310000e+00 1.880491e+04 6.722855e+03
5.320000e+00 1.892129e+04 6.742924e+03
5.330000e+00 1.903624e+04 6.758058e+03
5.340000e+00 1.914958e+04 6.768339e+03
5.350000e+00 1.926111e+04 6.773858e+03
5.360000e+00 1.937066e+04 6.774714e+03
5.370000e+00 1.947805e+04 6.771013e+03
5.380000e+00 1.958309e+04 6.762865e+03
5.390000e+00 1.968725e+04 6.750799e+03
5.400000e+00 1.978889e+04 6.734572e+03
5.410000e+00 1.988771e+04 6.714276e+03
5.420000e+00 1.998354e+04 6.690050e+03
5.430000e+00 2.007623e+04 6.662027e+03
5.440000e+00 2.016553e+04 6.630244e+03
5.450000e+00 2.025144e+04 6.594976e+03
5.460000e+00 2.033381e+04 6.556382e+03
5.470000e+00 2.041254e+04 6.514629e+03
5.480000e+00 2.048752e+04 6.469883e+03
5.490000e+00 2.055863e+04 6.422314e+03
5.500000e+00 2.062579e+04 6.372099e+03
5.510000e+00 2.068890e+04 6.319419e+03
5.520000e+00 2.074789e+04 6.264453e+03
5.530000e+00 2.080267e+04 6.207386e+03
5.540000e+00 2.085319e+04 6.148405e+03
5.550000e+00 2.089938e+04 6.087698e+03
5.560000e+00 2.094121e+04 6.025457e+03
5.570000e+00 2.097861e+04 5.961872e+03
5.580000e+00 2.101158e+04 5.897138e+03
5.590000e+00 2.104006e+04 5.831447e+03
5.600000e+00 2.106406e+04 5.764990e+03
5.610000e+00 2.108352e+04 5.697929e+03
5.620000e+00 2.109839e+04 5.630397e+03
5.630000e+00 2.110877e+04 5.562680e+03
5.640000e+00 2.111515e+04 5.494793e+03
5.650000e+00 2.111826e+04 5.426658e+03
5.660000e+00 2.111697e+04 5.358910e+03
5.670000e+00 2.111127e+04 5.291733e+03
5.680000e+00 2.110126e+04 5.225311e+03
5.690000e+00 2.108695e+04 5.159827e+03
5.700000e+00 2.106841e+04 5.095457e+03
5.710000e+00 2.104573e+04 5.032379e+03
5.720000e+00 2.101898e+04 4.970763e+03
5.730000e+00 2.098823e+04 4.910773e+03
5.740000e+00 2.095357e+04 4.852580e+03
5.750000e+00 2.091511e+04 4.796341e+03
5.760000e+00 2.087294e+04 4.742201e+03
5.770000e+00 2.082717e+04 4.690327e+03
5.780000e+00 2.077792e+04 4.640842e+03
5.790000e+00 2.072530e+04 4.593902e+03
5.800000e+00 2.066933e+04 4.549526e+03
5.810000e+00 2.061024e+04 4.507935e+03
5.820000e+00 2.054818e+04 4.469266e+03
5.830000e+00 2.048328e+04 4.433628e+03
5.840000e+00 2.041570e+04 4.401145e+03
5.850000e+00 2.034558e+04 4.371914e+03
5.860000e+00 2.027307e+04 4.346023e+03
5.870000e+00 2.019832e+04 4.323571e+03
5.880000e+00 2.012151e+04 4.304645e+03
5.890000e+00 2.004278e+04 4.289298e+03
5.900000e+00 1.996289e+04 4.276735e+03
5.910000e+00 1.988172e+04 4.267441e+03
5.920000e+00 1.979915e+04 4.261921e+03
5.930000e+00 1.971533e+04 4.260226e+03
5.940000e+00 1.963044e+04 4.262378e+03
5.950000e+00 1.954466e+04 4.268439e+03
5.960000e+00 1.945816e+04 4.278397e+03
5.970000e+00 1.937111e+04 4.292303e+03
5.980000e+00 1.928368e+04 4.310143e+03
5.990000e+00 1.919594e+04 4.331800e+03
6.000000e+00 1.910817e+04 4.357392e+03
6.010000e+00 1.902054e+04 4.386897e+03
6.020000e+00 1.893322e+04 4.420299e+03
6.030000e+00 1.884640e+04 4.457584e+03
6.040000e+00 1.876023e+04 4.498702e+03
6.050000e+00 1.867487e+04 4.543615e+03
6.060000e+00 1.859051e+04 4.592266e+03
6.070000e+00 1.850729e+04 4.644615e+03
6.080000e+00 1.842537e+04 4.700581e+03
6.090000e+00 1.834491e+04 4.760114e+03
6.100000e+00 1.826606e+04 4.823121e+03
6.110000e+00 1.818896e+04 4.889520e+03
6.120000e+00 1.811377e+04 4.959240e+03
6.130000e+00 1.804061e+04 5.032164e+03
6.140000e+00 1.796963e+04 5.108210e+03
6.150000e+00 1.790095e+04 5.187223e+03
6.160000e+00 1.783461e+04 5.267876e+03
6.170000e+00 1.777081e+04 5.351313e+03
6.180000e+00 1.770964e+04 5.437373e+03
6.190000e+00 1.765116e+04 5.525887e+03
6.200000e+00 1.759555e+04 5.616817e+03
6.210000e+00 1.754292e+04 5.710011e+03
6.220000e+00 1.749335e+04 5.805346e+03
6.230000e+00 1.744693e+04 5.902682e+03
6.240000e+00 1.740374e+04 6.001868e+03
6.250000e+00 1.736384e+04 6.102759e+03
6.260000e+00 1.732732e+04 6.205204e+03
6.270000e+00 1.729422e+04 6.309060e+03
6.280000e+00 1.726460e+04 6.414160e+03
6.290000e+00 1.723850e+04 6.520352e+03
6.300000e+00 1.721597e+04 6.627480e+03
6.310000e+00 1.719702e+04 6.735382e+03
6.320000e+00 1.718170e+04 6.843902e+03
6.330000e+00 1.717001e+04 6.952877e+03
6.340000e+00 1.716197e+04 7.062145e+03
6.350000e+00 1.715758e+04 7.171546e+03
6.360000e+00 1.715684e+04 7.280920e+03
6.370000e+00 1.715974e+04 7.390106e+03
6.380000e+00 1.716625e+04 7.498940e+03
6.390000e+00 1.717624e+04 7.607150e+03
6.400000e+00 1.718980e+04 7.714697e+03
6.410000e+00 1.720661e+04 7.821158e+03
6.420000e+00 1.722654e+04 7.926272e+03
6.430000e+00 1.724989e+04 8.030262e+03
6.440000e+00 1.727663e+04 8.132983e+03
6.450000e+00 1.730667e+04 8.234288e+03
6.460000e+00 1.733996e+04 8.334035e+03
6.470000e+00 1.737641e+04 8.432083e+03
6.480000e+00 1.741595e+04 8.528299e+03
6.490000e+00 1.745849e+04 8.622550e+03
6.500000e+00 1.750393e+04 8.714708e+03
6.510000e+00 1.755218e+04 8.804650e+03
6.520000e+00 1.760313e+04 8.892259e+03
6.530000e+00 1.765668e+04 8.977417e+03
6.540000e+00 1.771270e+04 9.060019e+03
6.550000e+00 1.777110e+04 9.139958e+03
6.560000e+00 1.783173e+04 9.217136e+03
6.570000e+00 1.789449e+04 9.291461e+03
6.580000e+00 1.795923e+04 9.362843e+03
6.590000e+00 1.802581e+04 9.431190e+03
6.600000e+00 1.809400e+04 9.496329e+03
6.610000e+00 1.816377e+04 9.558299e+03
6.620000e+00 1.823497e+04 9.617036e+03
6.630000e+00 1.830747e+04 9.672482e+03
6.640000e+00 1.838111e+04 9.724587e+03
6.650000e+00 1.845574e+04 9.773308e+03
6.660000e+00 1.853122e+04 9.818602e+03
6.670000e+00 1.860703e+04 9.860476e+03
6.680000e+00 1.868329e+04 9.898880e+03
6.690000e+00 1.875993e+04 9.933787e+03
6.700000e+00 1.883681e+04 9.965183e+03
6.710000e+00 1.891375e+04 9.993065e+03
6.720000e+00 1.899061e+04 1.001744e+04
6.730000e+00 1.906724e+04 1.003830e+04
6.740000e+00 1.914349e+04 1.005568e+04
6.750000e+00 1.921918e+04 1.006960e+04
6.760000e+00 1.929419e+04 1.008007e+04
6.770000e+00 1.936835e+04 1.008715e+04
6.780000e+00 1.944151e+04 1.009086e+04
6.790000e+00 1.951354e+04 1.009127e+04
6.800000e+00 1.958428e+04 1.008841e+04
6.810000e+00 1.965354e+04 1.008230e+04
6.820000e+00 1.972117e+04 1.007300e+04
6.830000e+00 1.978710e+04 1.006065e+04
6.840000e+00 1.985119e+04 1.004531e+04
6.850000e+00 1.991332e+04 1.002708e+04
6.860000e+00 1.997337e+04 1.000604e+04
6.870000e+00 2.003120e+04 9.982288e+03
6.880000e+00 2.008670e+04 9.955928e+03
6.890000e+00 2.013976e+04 9.927062e+03
6.900000e+00 2.019027e+04 9.895797e+03
6.910000e+00 2.023813e+04 9.862251e+03
6.920000e+00 2.028328e+04 9.826566e+03
6.930000e+00 2.032572e+04 9.788961e+03
6.940000e+00 2.036524e+04 9.749443e+03
6.950000e+00 2.040174e+04 9.708137e+03
6.960000e+00 2.043515e+04 9.665183e+03
6.970000e+00 2.046540e+04 9.620715e+03
6.980000e+00 2.049243e+04 9.574870e+03
6.990000e+00 2.051616e+04 9.527795e+03
7.000000e+00 2.053657e+04 9.479632e+03
7.010000e+00 2.055359e+04 9.430527e+03
7.020000e+00 2.056718e+04 9.380632e+03
7.030000e+00 2.057730e+04 9.330074e+03
7.040000e+00 2.058384e+04 9.278932e+03
7.050000e+00 2.058688e+04 9.227451e+03
7.060000e+00 2.058640e+04 9.175788e+03
7.070000e+00 2.058239e+04 9.124095e+03
7.080000e+00 2.057486e+04 9.072527e+03
7.090000e+00 2.056380e+04 9.021237e+03
7.100000e+00 2.054924e+04 8.970380e+03
7.110000e+00 2.053119e+04 8.920108e+03
7.120000e+00 2.050968e+04 8.870575e+03
7.130000e+00 2.048473e+04 8.821932e+03
7.140000e+00 2.045639e+04 8.774324e+03
7.150000e+00 2.042470e+04 8.727905e+03
7.160000e+00 2.038972e+04 8.682819e+03
7.170000e+00 2.035150e+04 8.639207e+03
7.180000e+00 2.031039e+04 8.596961e+03
7.190000e+00 2.026642e+04 8.556258e+03
7.200000e+00 2.021942e+04 8.517445e+03
7.210000e+00 2.016948e+04 8.480655e+03
7.220000e+00 2.011666e+04 8.446016e+03
7.230000e+00 2.006108e+04 8.413651e+03
7.240000e+00 2.000282e+04 8.383684e+03
7.250000e+00 1.994198e+04 8.356229e+03
7.260000e+00 1.987867e+04 8.331385e+03
7.270000e+00 1.981291e+04 8.309173e+03
7.280000e+00 1.974490e+04 8.289796e+03
7.290000e+00 1.967478e+04 8.273353e+03
7.300000e+00 1.960267e+04 8.259936e+03
7.310000e+00 1.952870e+04 8.249631e+03
7.320000e+00 1.945300e+04 8.242522e+03
7.330000e+00 1.937570e+04 8.238684e+03
7.340000e+00 1.929694e+04 8.238187e+03
7.350000e+00 1.921687e+04 8.241098e+03
7.360000e+00 1.913564e+04 8.247471e+03
7.370000e+00 1.905338e+04 8.257364e+03
7.380000e+00 1.897024e+04 8.270808e+03
7.390000e+00 1.888639e+04 8.287868e+03
7.400000e+00 1.880196e+04 8.308564e+03
7.410000e+00 1.871712e+04 8.332917e+03
7.420000e+00 1.863202e+04 8.360957e+03
7.430000e+00 1.854682e+04 8.392693e+03
7.440000e+00 1.846173e+04 8.426977e+03
7.450000e+00 1.837686e+04 8.464870e+03
7.460000e+00 1.829236e+04 8.506461e+03
7.470000e+00 1.820838e+04 8.551741e+03
7.480000e+00 1.812507e+04 8.600688e+03
7.490000e+00 1.804260e+04 8.653280e+03
7.500000e+00 1.796108e+04 8.709446e+03
7.510000e+00 1.788062e+04 8.769108e+03
7.520000e+00 1.780145e+04 8.832299e+03
7.530000e+00 1.772372e+04 8.898967e+03
7.540000e+00 1.764758e+04 8.969054e+03
7.550000e+00 1.757316e+04 9.042498e+03
7.560000e+00 1.750062e+04 9.119228e+03
7.570000e+00 1.743009e+04 9.199170e+03
7.580000e+00 1.736170e+04 9.282242e+03
7.590000e+00 1.729559e+04 9.368358e+03
7.600000e+00 1.723189e+04 9.457425e+03
7.610000e+00 1.717072e+04 9.549344e+03
7.620000e+00 1.711220e+04 9.644017e+03
7.630000e+00 1.705645e+04 9.741330e+03
7.640000e+00 1.700357e+04 9.841176e+03
7.650000e+00 1.695368e+04 9.943434e+03
7.660000e+00 1.690688e+04 1.004798e+04
7.670000e+00 1.686327e+04 1.015470e+04
7.680000e+00 1.682293e+04 1.026345e+04
7.690000e+00 1.678562e+04 1.037369e+04
7.700000e+00 1.675096e+04 1.048471e+04
7.710000e+00 1.671983e+04 1.059736e+04
7.720000e+00 1.669229e+04 1.071149e+04
7.730000e+00 1.666839e+04 1.082695e+04
7.740000e+00 1.664820e+04 1.094360e+04
7.750000e+00 1.663169e+04 1.106120e+04
7.760000e+00 1.661895e+04 1.117966e+04
7.770000e+00 1.661005e+04 1.129884e+04
7.780000e+00 1.660502e+04 1.141860e+04
7.790000e+00 1.660389e+04 1.153877e+04
7.800000e+00 1.660668e+04 1.165919e+04
7.810000e+00 1.661339e+04 1.177970e+04
7.820000e+00 1.662404e+04 1.190016e+04
7.830000e+00 1.663862e+04 1.202038e+04
7.840000e+00 1.665713e+04 1.214022e+04
7.850000e+00 1.667954e+04 1.225952e+04
7.860000e+00 1.670585e+04 1.237811e+04
7.870000e+00 1.673601e+04 1.249585e+04
7.880000e+00 1.677001e+04 1.261256e+04
7.890000e+00 1.680780e+04 1.272810e+04
7.900000e+00 1.684932e+04 1.284231e+04
7.910000e+00 1.689454e+04 1.295504e+04
7.920000e+00 1.694338e+04 1.306615e+04
7.930000e+00 1.699579e+04 1.317547e+04
7.940000e+00 1.705169e+04 1.328288e+04
7.950000e+00 1.710951e+04 1.338795e+04
7.960000e+00 1.716992e+04 1.349068e+04
7.970000e+00 1.723358e+04 1.359107e+04
7.980000e+00 1.730040e+04 1.368900e+04
7.990000e+00 1.737026e+04 1.378434e+04
8.000000e+00 1.744303e+04 1.387693e+04
8.010000e+00 1.751856e+04 1.396662e+04
8.020000e+00 1.759682e+04 1.405336e+04
8.030000e+00 1.767769e+04 1.413705e+04
8.040000e+00 1.776103e+04 1.421758e+04
8.050000e+00 1.784673e+04 1.429485e+04
8.060000e+00 1.793464e+04 1.436877e+04
8.070000e+00 1.802465e+04 1.443925e+04
8.080000e+00 1.811660e+04 1.450622e+04
8.090000e+00 1.821036e+04 1.456958e+04
8.100000e+00 1.830578e+04 1.462927e+04
8.110000e+00 1.840271e+04 1.468523e+04
8.120000e+00 1.850101e+04 1.473739e+04
8.130000e+00 1.860051e+04 1.478571e+04
8.140000e+00 1.870108e+04 1.483014e+04
8.150000e+00 1.880254e+04 1.487063e+04
8.160000e+00 1.890474e+04 1.490715e+04
8.170000e+00 1.900752e+04 1.493968e+04
8.180000e+00 1.911073e+04 1.496820e+04
8.190000e+00 1.921419e+04 1.499268e+04
8.200000e+00 1.931764e+04 1.501320e+04
8.210000e+00 1.941882e+04 1.503093e+04
8.220000e+00 1.951977e+04 1.504463e+04
8.230000e+00 1.962033e+04 1.505431e+04
8.240000e+00 1.972036e+04 1.505998e+04
8.250000e+00 1.981967e+04 1.506168e+04
8.260000e+00 1.991811e+04 1.505942e+04
8.270000e+00 2.001544e+04 1.505316e+04
8.280000e+00 2.011159e+04 1.504304e+04
8.290000e+00 2.020641e+04 1.502910e+04
8.300000e+00 2.029975e+04 1.501141e+04
8.310000e+00 2.039146e+04 1.499002e+04
8.320000e+00 2.048140e+04 1.496501e+04
8.330000e+00 2.056942e+04 1.493645e+04
8.340000e+00 2.065538e+04 1.490442e+04
8.350000e+00 2.073915e+04 1.486901e+04
8.360000e+00 2.082059e+04 1.483031e+04
8.370000e+00 2.089957e+04 1.478841e+04
8.380000e+00 2.097598e+04 1.474343e+04
8.390000e+00 2.104968e+04 1.469545e+04
8.400000e+00 2.112057e+04 1.464460e+04
8.410000e+00 2.118853e+04 1.459100e+04
8.420000e+00 2.125345e+04 1.453476e+04
8.430000e+00 2.131524e+04 1.447600e+04
8.440000e+00 2.137379e+04 1.441487e+04
8.450000e+00 2.142902e+04 1.435148e+04
8.460000e+00 2.148040e+04 1.428716e+04
8.470000e+00 2.152771e+04 1.422247e+04
8.480000e+00 2.157145e+04 1.415594e+04
8.490000e+00 2.161156e+04 1.408773e+04
8.500000e+00 2.164798e+04 1.401798e+04
8.510000e+00 2.168065e+04 1.394684e+04
8.520000e+00 2.170952e+04 1.387446e+04
8.530000e+00 2.173454e+04 1.380099e+04
8.540000e+00 2.175558e+04 1.372649e+04
8.550000e+00 2.177271e+04 1.365123e+04
8.560000e+00 2.178590e+04 1.357535e+04
8.570000e+00 2.179514e+04 1.349902e+04
8.580000e+00 2.180041e+04 1.342239e+04
8.590000e+00 2.180171e+04 1.334563e+04
8.600000e+00 2.179904e+04 1.326889e+04
8.610000e+00 2.179241e+04 1.319233e+04
8.620000e+00 2.178182e+04 1.311612e+04
8.630000e+00 2.176731e+04 1.304041e+04
8.640000e+00 2.174890e+04 1.296536e+04
8.650000e+00 2.172662e+04 1.289111e+04
8.660000e+00 2.170051e+04 1.281784e+04
8.670000e+00 2.167063e+04 1.274568e+04
8.680000e+00 2.163701e+04 1.267479e+04
8.690000e+00 2.159971e+04 1.260531e+04
8.700000e+00 2.155881e+04 1.253740e+04
8.710000e+00 2.151437e+04 1.247118e+04
8.720000e+00 2.146733e+04 1.240915e+04
8.730000e+00 2.141711e+04 1.234968e+04
8.740000e+00 2.136359e+04 1.229230e+04
8.750000e+00 2.130687e+04 1.223717e+04
8.760000e+00 2.124704e+04 1.218440e+04
8.770000e+00 2.118420e+04 1.213412e+04
8.780000e+00 2.111845e+04 1.208643e+04
8.790000e+00 2.104992e+04 1.204145e+04
8.800000e+00 2.097870e+04 1.199929e+04
8.810000e+00 2.090492e+04 1.196004e+04
8.820000e+00 2.082861e+04 1.192371e+04
8.830000e+00 2.074999e+04 1.189049e+04
8.840000e+00 2.066919e+04 1.186046e+04
8.850000e+00 2.058635e+04 1.183371e+04
8.860000e+00 2.050159e+04 1.181031e+04
8.870000e+00 2.041507e+04 1.179032e+04
8.880000e+00 2.032692e+04 1.177383e+04
8.890000e+00 2.023728e+04 1.176087e+04
8.900000e+00 2.014631e+04 1.175152e+04
8.910000e+00 2.005414e+04 1.174580e+04
8.920000e+00 1.996094e+04 1.174376e+04
8.930000e+00 1.986684e+04 1.174544e+04
8.940000e+00 1.977201e+04 1.175086e+04
8.950000e+00 1.967659e+04 1.176004e+04
8.960000e+00 1.958074e+04 1.177300e+04
8.970000e+00 1.948510e+04 1.179001e+04
8.980000e+00 1.939154e+04 1.181203e+04
8.990000e+00 1.929801e+04 1.183783e+04
9.000000e+00 1.920466e+04 1.186740e+04
9.010000e+00 1.911164e+04 1.190074e+04
9.020000e+00 1.901911e+04 1.193781e+04
9.030000e+00 1.892722e+04 1.197858e+04
9.040000e+00 1.883611e+04 1.202303e+04
9.050000e+00 1.874594e+04 1.207111e+04
9.060000e+00 1.865684e+04 1.212278e+04
9.070000e+00 1.856896e+04 1.217798e+04
9.080000e+00 1.848243e+04 1.223665e+04
9.090000e+00 1.839741e+04 1.229873e+04
9.100000e+00 1.831399e+04 1.236413e+04
9.110000e+00 1.823226e+04 1.243272e+04
9.120000e+00 1.815241e+04 1.250449e+04
9.130000e+00 1.807458e+04 1.257936e+04
9.140000e+00 1.799889e+04 1.265724e+04
9.150000e+00 1.792544e+04 1.273804e+04
9.160000e+00 1.785436e+04 1.282166e+04
9.170000e+00 1.778575e+04 1.290799e+04
9.180000e+00 1.771972e+04 1.299692e+04
9.190000e+00 1.765637e+04 1.308835e+04
9.200000e+00 1.759578e+04 1.318216e+04
9.210000e+00 1.753805e+04 1.327823e+04
9.220000e+00 1.748326e+04 1.337643e+04
9.230000e+00 1.743304e+04 1.347627e+04
9.240000e+00 1.738713e+04 1.357770e+04
9.250000e+00 1.734439e+04 1.368088e+04
9.260000e+00 1.730487e+04 1.378568e+04
9.270000e+00 1.726863e+04 1.389195e+04
9.280000e+00 1.723572e+04 1.399957e+04
9.290000e+00 1.720620e+04 1.410839e+04
9.300000e+00 1.718009e+04 1.421827e+04
9.310000e+00 1.715743e+04 1.432907e+04
9.320000e+00 1.713825e+04 1.444064e+04
9.330000e+00 1.712256e+04 1.455283e+04
9.340000e+00 1.711040e+04 1.466552e+04
9.350000e+00 1.710175e+04 1.477854e+04
9.360000e+00 1.709663e+04 1.489175e+04
9.370000e+00 1.709504e+04 1.500501e+04
9.380000e+00 1.709696e+04 1.511817e+04
9.390000e+00 1.710238e+04 1.523109e+04
9.400000e+00 1.711125e+04 1.534360e+04
9.410000e+00 1.712351e+04 1.545551e+04
9.420000e+00 1.713918e+04 1.556675e+04
9.430000e+00 1.715824e+04 1.567718e+04
9.440000e+00 1.718063e+04 1.578668e+04
9.450000e+00 1.720632e+04 1.589509e+04
9.460000e+00 1.723524e+04 1.600230e+04
9.470000e+00 1.726733e+04 1.610817e+04
9.480000e+00 1.730253e+04 1.621257e+04
9.490000e+00 1.734194e+04 1.631343e+04
9.500000e+00 1.738441e+04 1.641243e+04
9.510000e+00 1.742975e+04 1.650961e+04
9.520000e+00 1.747790e+04 1.660485e+04
9.530000e+00 1.752874e+04 1.669804e+04
9.540000e+00 1.758220e+04 1.678907e+04
9.550000e+00 1.763818e+04 1.687784e+04
9.560000e+00 1.769656e+04 1.696426e+04
9.570000e+00 1.775725e+04 1.704824e+04
9.580000e+00 1.782014e+04 1.712968e+04
9.590000e+00 1.788510e+04 1.720850e+04
9.600000e+00 1.795204e+04 1.728462e+04
9.610000e+00 1.802082e+04 1.735798e+04
9.620000e+00 1.809133e+04 1.742850e+04
9.630000e+00 1.816344e+04 1.749612e+04
9.640000e+00 1.823702e+04 1.756078e+04
9.650000e+00 1.831195e+04 1.762243e+04
9.660000e+00 1.838809e+04 1.768103e+04
9.670000e+00 1.846531e+04 1.773654e+04
9.680000e+00 1.854348e+04 1.778891e+04
9.690000e+00 1.862246e+04 1.783813e+04
9.700000e+00 1.870212e+04 1.788416e+04
9.710000e+00 1.878226e+04 1.792694e+04
9.720000e+00 1.886277e+04 1.796646e+04
9.730000e+00 1.894353e+04 1.800275e+04
9.740000e+00 1.902422e+04 1.803526e+04
9.750000e+00 1.910442e+04 1.806329e+04
9.760000e+00 1.918448e+04 1.808811e+04
9.770000e+00 1.926426e+04 1.810974e+04
9.780000e+00 1.934362e+04 1.812821e+04
9.790000e+00 1.942244e+04 1.814355e+04
9.800000e+00 1.950058e+04 1.815579e+04
9.810000e+00 1.957790e+04 1.816496e+04
9.820000e+00 1.965429e+04 1.817112e+04
9.830000e+00 1.972962e+04 1.817431e+04
9.840000e+00 1.980376e+04 1.817459e+04
9.850000e+00 1.987659e+04 1.817201e+04
9.860000e+00 1.994799e+04 1.816665e+04
9.870000e+00 2.001786e+04 1.815857e+04
9.880000e+00 2.008607e+04 1.814786e+04
9.890000e+00 2.015252e+04 1.813458e+04
9.900000e+00 2.021711e+04 1.811882e+04
9.910000e+00 2.027973e+04 1.810067e+04
9.920000e+00 2.034028e+04 1.808022e+04
9.930000e+00 2.039868e+04 1.805758e+04
9.940000e+00 2.045483e+04 1.803283e+04
9.950000e+00 2.050866e+04 1.800608e+04
9.960000e+00 2.056007e+04 1.797744e+04
9.970000e+00 2.060900e+04 1.794702e+04
9.980000e+00 2.065538e+04 1.791493e+04
9.990000e+00 2.069913e+04 1.788129e+04
1.000000e+01 2.073912e+04 1.784609e+04
1.001000e+01 2.077589e+04 1.780953e+04
1.002000e+01 2.080987e+04 1.777177e+04
1.003000e+01 2.084095e+04 1.773288e+04
1.004000e+01 2.086914e+04 1.769301e+04
1.005000e+01 2.089443e+04 1.765234e+04
1.006000e+01 2.091678e+04 1.761098e+04
1.007000e+01 2.093619e+04 1.756906e+04
1.008000e+01 2.095262e+04 1.752672e+04
1.009000e+01 2.096607e+04 1.748409e+04
1.010000e+01 2.097654e+04 1.744130e+04
1.011000e+01 2.098402e+04 1.739847e+04
1.012000e+01 2.098852e+04 1.735575e+04
1.013000e+01 2.099005e+04 1.731325e+04
1.014000e+01 2.098863e+04 1.727112e+04
1.015000e+01 2.098427e+04 1.722948e+04
1.016000e+01 2.097701e+04 1.718845e+04
1.017000e+01 2.096688e+04 1.714817e+04
1.018000e+01 2.095392e+04 1.710876e+04
1.019000e+01 2.093816e+04 1.707034e+04
1.020000e+01 2.091967e+04 1.703302e+04
1.021000e+01 2.089849e+04 1.699695e+04
1.022000e+01 2.087468e+04 1.696221e+04
1.023000e+01 2.084830e+04 1.692894e+04
1.024000e+01 2.081943e+04 1.689724e+04
1.025000e+01 2.078809e+04 1.686732e+04
1.026000e+01 2.075380e+04 1.684057e+04
1.027000e+01 2.071724e+04 1.681571e+04
1.028000e+01 2.067850e+04 1.679283e+04
1.029000e+01 2.063767e+04 1.677203e+04
1.030000e+01 2.059485e+04 1.675338e+04
1.031000e+01 2.055013e+04 1.673699e+04
1.032000e+01 2.050362e+04 1.672293e+04
1.033000e+01 2.045541e+04 1.671127e+04
1.034000e+01 2.040562e+04 1.670208e+04
1.035000e+01 2.035435e+04 1.669545e+04
1.036000e+01 2.030165e+04 1.669134e+04
1.037000e+01 2.024768e+04 1.668988e+04
1.038000e+01 2.019258e+04 1.669114e+04
1.039000e+01 2.013648e+04 1.669516e+04
1.040000e+01 2.007949e+04 1.670199e+04
1.041000e+01 2.002174e+04 1.671166e+04
1.042000e+01 1.996335e+04 1.672421e+04
1.043000e+01 1.990444e+04 1.673967e+04
1.044000e+01 1.984516e+04 1.675804e+04
1.045000e+01 1.978562e+04 1.677936e+04
1.046000e+01 1.972595e+04 1.680362e+04
1.047000e+01 1.966628e+04 1.683084e+04
1.048000e+01 1.960674e+04 1.686101e+04
1.049000e+01 1.954745e+04 1.689412e+04
1.050000e+01 1.948856e+04 1.693017e+04
1.051000e+01 1.943079e+04 1.696985e+04
1.052000e+01 1.937446e+04 1.701334e+04
1.053000e+01 1.931889e+04 1.705969e+04
1.054000e+01 1.926421e+04 1.710888e+04
1.055000e+01 1.921054e+04 1.716086e+04
1.056000e+01 1.915800e+04 1.721559e+04
1.057000e+01 1.910672e+04 1.727302e+04
1.058000e+01 1.905681e+04 1.733310e+04
1.059000e+01 1.900837e+04 1.739576e+04
1.060000e+01 1.896154e+04 1.746096e+04
1.061000e+01 1.891640e+04 1.752861e+04
1.062000e+01 1.887308e+04 1.759864e+04
1.063000e+01 1.883167e+04 1.767098e+04
1.064000e+01 1.879227e+04 1.774554e+04
1.065000e+01 1.875497e+04 1.782224e+04
1.066000e+01 1.871987e+04 1.790099e+04
1.067000e+01 1.868707e+04 1.798170e+04
1.068000e+01 1.865663e+04 1.806427e+04
1.069000e+01 1.862864e+04 1.814859e+04
1.070000e+01 1.860310e+04 1.823449e+04
1.071000e+01 1.858014e+04 1.832192e+04
1.072000e+01 1.855985e+04 1.841078e+04
1.073000e+01 1.854228e+04 1.850097e+04
1.074000e+01 1.852750e+04 1.859237e+04
1.075000e+01 1.851555e+04 1.868486e+04
1.076000e+01 1.850648e+04 1.877833e+04
1.077000e+01 1.850267e+04 1.887246e+04
1.078000e+01 1.850235e+04 1.896729e+04
1.079000e+01 1.850502e+04 1.906271e+04
1.080000e+01 1.851071e+04 1.915861e+04
1.081000e+01 1.851943e+04 1.925487e+04
1.082000e+01 1.853121e+04 1.935134e+04
1.083000e+01 1.854605e+04 1.944790e+04
1.084000e+01 1.856396e+04 1.954443e+04
1.085000e+01 1.858494e+04 1.964080e+04
1.086000e+01 1.860898e+04 1.973687e+04
1.087000e+01 1.863607e+04 1.983253e+04
1.088000e+01 1.866618e+04 1.992763e+04
1.089000e+01 1.869931e+04 2.002206e+04
1.090000e+01 1.873542e+04 2.011569e+04
1.091000e+01 1.877448e+04 2.020839e+04
1.092000e+01 1.881644e+04 2.030005e+04
1.093000e+01 1.886128e+04 2.039053e+04
1.094000e+01 1.890893e+04 2.047973e+04
1.095000e+01 1.895934e+04 2.056752e+04
1.096000e+01 1.901246e+04 2.065379e+04
1.097000e+01 1.906822e+04 2.073843e+04
1.098000e+01 1.912656e+04 2.082132e+04
1.099000e+01 1.918739e+04 2.090237e+04
1.100000e+01 1.925065e+04 2.098146e+04
1.101000e+01 1.931626e+04 2.105850e+04
1.102000e+01 1.938454e+04 2.113285e+04
1.103000e+01 1.945678e+04 2.120265e+04
1.104000e+01 1.953110e+04 2.127013e+04
1.105000e+01 1.960731e+04 2.133511e+04
1.106000e+01 1.968539e+04 2.139758e+04
1.107000e+01 1.976524e+04 2.145747e+04
1.108000e+01 1.984676e+04 2.151472e+04
1.109000e+01 1.992983e+04 2.156926e+04
1.110000e+01 2.001435e+04 2.162101e+04
1.111000e+01 2.010019e+04 2.166994e+04
1.112000e+01 2.018725e+04 2.171598e+04
1.113000e+01 2.027539e+04 2.175908e+04
1.114000e+01 2.036451e+04 2.179920e+04
1.115000e+01 2.045447e+04 2.183630e+04
1.116000e+01 2.054515e+04 2.187035e+04
1.117000e+01 2.063642e+04 2.190133e+04
1.118000e+01 2.072816e+04 2.192920e+04
1.119000e+01 2.082024e+04 2.195396e+04
1.120000e+01 2.091253e+04 2.197559e+04
1.121000e+01 2.100490e+04 2.199409e+04
1.122000e+01 2.109722e+04 2.200944e+04
1.123000e+01 2.118937e+04 2.202168e+04
1.124000e+01 2.128120e+04 2.203079e+04
1.125000e+01 2.137260e+04 2.203679e+04
1.126000e+01 2.146344e+04 2.203972e+04
1.127000e+01 2.155358e+04 2.203958e+04
1.128000e+01 2.164259e+04 2.203404e+04
1.129000e+01 2.173040e+04 2.202369e+04
1.130000e+01 2.181716e+04 2.201041e+04
1.131000e+01 2.190273e+04 2.199422e+04
1.132000e+01 2.198700e+04 2.197519e+04
1.133000e+01 2.206986e+04 2.195338e+04
1.134000e+01 2.215118e+04 2.192883e+04
1.135000e+01 2.223086e+04 2.190163e+04
1.136000e+01 2.230879e+04 2.187184e+04
1.137000e+01 2.238486e+04 2.183953e+04
1.138000e+01 2.245898e+04 2.180480e+04
1.139000e+01 2.253104e+04 2.176772e+04
1.140000e+01 2.260095e+04 2.172838e+04
1.141000e+01 2.266856e+04 2.168682e+04
1.142000e+01 2.273381e+04 2.164316e+04
1.143000e+01 2.279665e+04 2.159753e+04
1.144000e+01 2.285700e+04 2.155003e+04
1.145000e+01 2.291478e+04 2.150078e+04
1.146000e+01 2.296994e+04 2.144987e+04
1.147000e+01 2.302239e+04 2.139743e+04
1.148000e+01 2.307209e+04 2.134357e+04
1.149000e+01 2.311897e+04 2.128840e+04
1.150000e+01 2.316298e+04 2.123205e+04
1.151000e+01 2.320409e+04 2.117464e+04
1.152000e+01 2.324224e+04 2.111629e+04
1.153000e+01 2.327742e+04 2.105713e+04
1.154000e+01 2.330602e+04 2.099458e+04
1.155000e+01 2.333138e+04 2.093132e+04
1.156000e+01 2.335368e+04 2.086762e+04
1.157000e+01 2.337292e+04 2.080363e+04
1.158000e+01 2.338907e+04 2.073947e+04
1.159000e+01 2.340214e+04 2.067527e+04
1.160000e+01 2.341214e+04 2.061116e+04
1.161000e+01 2.341906e+04 2.054727e+04
1.162000e+01 2.342293e+04 2.048374e+04
1.163000e+01 2.342377e+04 2.042068e+04
1.164000e+01 2.342159e+04 2.035824e+04
1.165000e+01 2.341643e+04 2.029653e+04
1.166000e+01 2.340833e+04 2.023568e+04
1.167000e+01 2.339732e+04 2.017582e+04
1.168000e+01 2.338346e+04 2.011706e+04
1.169000e+01 2.336678e+04 2.005954e+04
1.170000e+01 2.334736e+04 2.000336e+04
1.171000e+01 2.332524e+04 1.994864e+04
1.172000e+01 2.330051e+04 1.989550e+04
1.173000e+01 2.327322e+04 1.984405e+04
1.174000e+01 2.324345e+04 1.979439e+04
1.175000e+01 2.321128e+04 1.974663e+04
1.176000e+01 2.317680e+04 1.970086e+04
1.177000e+01 2.314009e+04 1.965719e+04
1.178000e+01 2.310124e+04 1.961570e+04
1.179000e+01 2.305866e+04 1.957663e+04
1.180000e+01 2.301077e+04 1.954040e+04
1.181000e+01 2.296104e+04 1.950661e+04
1.182000e+01 2.290959e+04 1.947535e+04
1.183000e+01 2.285652e+04 1.944668e+04
1.184000e+01 2.280195e+04 1.942067e+04
1.185000e+01 2.274599e+04 1.939738e+04
1.186000e+01 2.268876e+04 1.937688e+04
1.187000e+01 2.263039e+04 1.935921e+04
1.188000e+01 2.257099e+04 1.934443e+04
1.189000e+01 2.251069e+04 1.933257e+04
1.190000e+01 2.244962e+04 1.932367e+04
1.191000e+01 2.238791e+04 1.931777e+04
1.192000e+01 2.232568e+04 1.931489e+04
1.193000e+01 2.226307e+04 1.931506e+04
1.194000e+01 2.220021e+04 1.931828e+04
1.195000e+01 2.213723e+04 1.932457e+04
1.196000e+01 2.207426e+04 1.933394e+04
1.197000e+01 2.201144e+04 1.934638e+04
1.198000e+01 2.194890e+04 1.936189e+04
1.199000e+01 2.188677e+04 1.938045e+04
1.200000e+01 2.182519e+04 1.940205e+04
1.201000e+01 2.176428e+04 1.942666e+04
1.202000e+01 2.170417e+04 1.945426e+04
1.203000e+01 2.164501e+04 1.948481e+04
1.204000e+01 2.158690e+04 1.951827e+04
1.205000e+01 2.152785e+04 1.955754e+04
1.206000e+01 2.146920e+04 1.960089e+04
1.207000e+01 2.141199e+04 1.964701e+04
1.208000e+01 2.135633e+04 1.969582e+04
1.209000e+01 2.130234e+04 1.974727e+04
1.210000e+01 2.125014e+04 1.980129e+04
1.211000e+01 2.119984e+04 1.985781e+04
1.212000e+01 2.115155e+04 1.991673e+04
1.213000e+01 2.110537e+04 1.997798e+04
1.214000e+01 2.106140e+04 2.004147e+04
1.215000e+01 2.101974e+04 2.010711e+04
1.216000e+01 2.098049e+04 2.017480e+04
1.217000e+01 2.094369e+04 2.024439e+04
1.218000e+01 2.090944e+04 2.031578e+04
1.219000e+01 2.087784e+04 2.038892e+04
1.220000e+01 2.084899e+04 2.046367e+04
1.221000e+01 2.082295e+04 2.053994e+04
1.222000e+01 2.079980e+04 2.061760e+04
1.223000e+01 2.077959e+04 2.069653e+04
1.224000e+01 2.076238e+04 2.077662e+04
1.225000e+01 2.074823e+04 2.085772e+04
1.226000e+01 2.073718e+04 2.093973e+04
1.227000e+01 2.072928e+04 2.102249e+04
1.228000e+01 2.072456e+04 2.110590e+04
1.229000e+01 2.072306e+04 2.118981e+04
1.230000e+01 2.072487e+04 2.127446e+04
1.231000e+01 2.073094e+04 2.136408e+04
1.232000e+01 2.074028e+04 2.145378e+04
1.233000e+01 2.075291e+04 2.154345e+04
1.234000e+01 2.076882e+04 2.163294e+04
1.235000e+01 2.078803e+04 2.172211e+04
1.236000e+01 2.081051e+04 2.181083e+04
1.237000e+01 2.083627e+04 2.189896e+04
1.238000e+01 2.086527e+04 2.198636e+04
1.239000e+01 2.089749e+04 2.207289e+04
1.240000e+01 2.093291e+04 2.215843e+04
1.241000e+01 2.097148e+04 2.224284e+04
1.242000e+01 2.101318e+04 2.232598e+04
1.243000e+01 2.105794e+04 2.240773e+04
1.244000e+01 2.110572e+04 2.248796e+04
1.245000e+01 2.115647e+04 2.256653e+04
1.246000e+01 2.121011e+04 2.264333e+04
1.247000e+01 2.126659e+04 2.271824e+04
1.248000e+01 2.132582e+04 2.279113e+04
1.249000e+01 2.138774e+04 2.286189e+04
1.250000e+01 2.145226e+04 2.293040e+04
1.251000e+01 2.151929e+04 2.299657e+04
1.252000e+01 2.158875e+04 2.306027e+04
1.253000e+01 2.166053e+04 2.312141e+04
1.254000e+01 2.173454e+04 2.317989e+04
1.255000e+01 2.181068e+04 2.323562e+04
1.256000e+01 2.189090e+04 2.328962e+04
1.257000e+01 2.197548e+04 2.334197e+04
1.258000e+01 2.206182e+04 2.339129e+04
1.259000e+01 2.214983e+04 2.343752e+04
1.260000e+01 2.223940e+04 2.348059e+04
1.261000e+01 2.233040e+04 2.352043e+04
1.262000e+01 2.242270e+04 2.355698e+04
1.263000e+01 2.251617e+04 2.359019e+04
1.264000e+01 2.261069e+04 2.362000e+04
1.265000e+01 2.270612e+04 2.364637e+04
1.266000e+01 2.280232e+04 2.366925e+04
1.267000e+01 2.289915e+04 2.368861e+04
1.268000e+01 2.299649e+04 2.370443e+04
1.269000e+01 2.309419e+04 2.371667e+04
1.270000e+01 2.319210e+04 2.372532e+04
1.271000e+01 2.329010e+04 2.373036e+04
1.272000e+01 2.338803e+04 2.373179e+04
1.273000e+01 2.348576e+04 2.372961e+04
1.274000e+01 2.358314e+04 2.372382e+04
1.275000e+01 2.368003e+04 2.371443e+04
1.276000e+01 2.377629e+04 2.370145e+04
1.277000e+01 2.387179e+04 2.368491e+04
1.278000e+01 2.396637e+04 2.366484e+04
1.279000e+01 2.405991e+04 2.364126e+04
1.280000e+01 2.415226e+04 2.361422e+04
1.281000e+01 2.424329e+04 2.358376e+04
1.282000e+01 2.433686e+04 2.354816e+04
1.283000e+01 2.442967e+04 2.350887e+04
1.284000e+01 2.452077e+04 2.346633e+04
1.285000e+01 2.461002e+04 2.342060e+04
1.286000e+01 2.469731e+04 2.337173e+04
1.287000e+01 2.478251e+04 2.331983e+04
1.288000e+01 2.486550e+04 2.326494e+04
1.289000e+01 2.494618e+04 2.320718e+04
1.290000e+01 2.502443e+04 2.314661e+04
1.291000e+01 2.510013e+04 2.308335e+04
1.292000e+01 2.517319e+04 2.301747e+04
1.293000e+01 2.524351e+04 2.294910e+04
1.294000e+01 2.531099e+04 2.287832e+04
1.295000e+01 2.537554e+04 2.280525e+04
1.296000e+01 2.543707e+04 2.273000e+04
1.297000e+01 2.549551e+04 2.265269e+04
1.298000e+01 2.555072e+04 2.257340e+04
1.299000e+01 2.560263e+04 2.249225e+04
1.300000e+01 2.565123e+04 2.240939e+04
1.301000e+01 2.569644e+04 2.232497e+04
1.302000e+01 2.573822e+04 2.223912e+04
1.303000e+01 2.577650e+04 2.215196e+04
1.304000e+01 2.581124e+04 2.206363e+04
1.305000e+01 2.584240e+04 2.197426e+04
1.306000e+01 2.586994e+04 2.188400e+04
1.307000e+01 2.589409e+04 2.179186e+04
1.308000e+01 2.591556e+04 2.169478e+04
1.309000e+01 2.593333e+04 2.159723e+04
1.310000e+01 2.594739e+04 2.149934e+04
1.311000e+01 2.595774e+04 2.140125e+04
1.312000e+01 2.596436e+04 2.130311e+04
1.313000e+01 2.596728e+04 2.120506e+04
1.314000e+01 2.596648e+04 2.110723e+04
1.315000e+01 2.596200e+04 2.100978e+04
1.316000e+01 2.595384e+04 2.091284e+04
1.317000e+01 2.594203e+04 2.081654e+04
1.318000e+01 2.592661e+04 2.072104e+04
1.319000e+01 2.590762e+04 2.062645e+04
1.320000e+01 2.588508e+04 2.053293e+04
1.321000e+01 2.585905e+04 2.044059e+04
1.322000e+01 2.582959e+04 2.034957e+04
1.323000e+01 2.579675e+04 2.026001e+04
1.324000e+01 2.576059e+04 2.017201e+04
1.325000e+01 2.572118e+04 2.008572e+04
1.326000e+01 2.567859e+04 2.000124e+04
1.327000e+01 2.563291e+04 1.991870e+04
1.328000e+01 2.558420e+04 1.983821e+04
1.329000e+01 2.553256e+04 1.975988e+04
1.330000e+01 2.547808e+04 1.968381e+04
1.331000e+01 2.542085e+04 1.961010e+04
1.332000e+01 2.536098e+04 1.953887e+04
1.333000e+01 2.529626e+04 1.946741e+04
1.334000e+01 2.522745e+04 1.939659e+04
1.335000e+01 2.515632e+04 1.932851e+04
1.336000e+01 2.508296e+04 1.926326e+04
1.337000e+01 2.500750e+04 1.920089e+04
1.338000e+01 2.493005e+04 1.914149e+04
1.339000e+01 2.485073e+04 1.908513e+04
1.340000e+01 2.476967e+04 1.903186e+04
1.341000e+01 2.468691e+04 1.898167e+04
1.342000e+01 2.460266e+04 1.893467e+04
1.343000e+01 2.451705e+04 1.889092e+04
1.344000e+01 2.443020e+04 1.885046e+04
1.345000e+01 2.434226e+04 1.881333e+04
1.346000e+01 2.425335e+04 1.877956e+04
1.347000e+01 2.416362e+04 1.874916e+04
1.348000e+01 2.407318e+04 1.872217e+04
1.349000e+01 2.398219e+04 1.869859e+04
1.350000e+01 2.389076e+04 1.867843e+04
1.351000e+01 2.379905e+04 1.866170e+04
1.352000e+01 2.370719e+04 1.864839e+04
1.353000e+01 2.361530e+04 1.863849e+04
1.354000e+01 2.352353e+04 1.863200e+04
1.355000e+01 2.343200e+04 1.862888e+04
1.356000e+01 2.334085e+04 1.862913e+04
1.357000e+01 2.325022e+04 1.863269e+04
1.358000e+01 2.316022e+04 1.863955e+04
1.359000e+01 2.306419e+04 1.864957e+04
1.360000e+01 2.296876e+04 1.866279e+04
1.361000e+01 2.287435e+04 1.867916e+04
1.362000e+01 2.278107e+04 1.869864e+04
1.363000e+01 2.268905e+04 1.872116e+04
1.364000e+01 2.259839e+04 1.874665e+04
1.365000e+01 2.250922e+04 1.877504e+04
1.366000e+01 2.242164e+04 1.880627e+04
1.367000e+01 2.233575e+04 1.884026e+04
1.368000e+01 2.225167e+04 1.887691e+04
1.369000e+01 2.216948e+04 1.891616e+04
1.370000e+01 2.208929e+04 1.895790e+04
1.371000e+01 2.201118e+04 1.900204e+04
1.372000e+01 2.193525e+04 1.904849e+04
1.373000e+01 2.186156e+04 1.909714e+04
1.374000e+01 2.179021e+04 1.914790e+04
1.375000e+01 2.172127e+04 1.920065e+04
1.376000e+01 2.165480e+04 1.925529e+04
1.377000e+01 2.159088e+04 1.931170e+04
1.378000e+01 2.152955e+04 1.936978e+04
1.379000e+01 2.147087e+04 1.942939e+04
1.380000e+01 2.141490e+04 1.949044e+04
1.381000e+01 2.136168e+04 1.955279e+04
1.382000e+01 2.131124e+04 1.961633e+04
1.383000e+01 2.126363e+04 1.968093e+04
1.384000e+01 2.121699e+04 1.974842e+04
1.385000e+01 2.116942e+04 1.982054e+04
1.386000e+01 2.112473e+04 1.989335e+04
1.387000e+01 2.108296e+04 1.996672e+04
1.388000e+01 2.104410e+04 2.004053e+04
1.389000e+01 2.100816e+04 2.011465e+04
1.390000e+01 2.097513e+04 2.018896e+04
1.391000e+01 2.094501e+04 2.026333e+04
1.392000e+01 2.091779e+04 2.033764e+04
1.393000e+01 2.089344e+04 2.041175e+04
1.394000e+01 2.087195e+04 2.048556e+04
1.395000e+01 2.085328e+04 2.055894e+04
1.396000e+01 2.083740e+04 2.063177e+04
1.397000e+01 2.082428e+04 2.070393e+04
1.398000e+01 2.081387e+04 2.077531e+04
1.399000e+01 2.080611e+04 2.084579e+04
1.400000e+01 2.080097e+04 2.091527e+04
1.401000e+01 2.079837e+04 2.098363e+04
1.402000e+01 2.079827e+04 2.105076e+04
1.403000e+01 2.080059e+04 2.111657e+04
1.404000e+01 2.080526e+04 2.118095e+04
1.405000e+01 2.081221e+04 2.124381e+04
1.406000e+01 2.082137e+04 2.130506e+04
1.407000e+01 2.083263e+04 2.136460e+04
1.408000e+01 2.084594e+04 2.142234e+04
1.409000e+01 2.086118e+04 2.147822e+04
1.410000e+01 2.087838e+04 2.153860e+04
1.411000e+01 2.089738e+04 2.159958e+04
1.412000e+01 2.091804e+04 2.165846e+04
1.413000e+01 2.094025e+04 2.171517e+04
1.414000e+01 2.096392e+04 2.176967e+04
1.415000e+01 2.098893e+04 2.182189e+04
1.416000e+01 2.101518e+04 2.187178e+04
1.417000e+01 2.104256e+04 2.191930e+04
1.418000e+01 2.107095e+04 2.196440e+04
1.419000e+01 2.110024e+04 2.200704e+04
1.420000e+01 2.113033e+04 2.204719e+04
1.421000e+01 2.116108e+04 2.208484e+04
1.422000e+01 2.119239e+04 2.211994e+04
1.423000e+01 2.122414e+04 2.215250e+04
1.424000e+01 2.125620e+04 2.218249e+04
1.425000e+01 2.128847e+04 2.220991e+04
1.426000e+01 2.132082e+04 2.223476e+04
1.427000e+01 2.135313e+04 2.225704e+04
1.428000e+01 2.138529e+04 2.227676e+04
1.429000e+01 2.141718e+04 2.229393e+04
1.430000e+01 2.144864e+04 2.230853e+04
1.431000e+01 2.147956e+04 2.232059e+04
1.432000e+01 2.150986e+04 2.233017e+04
1.433000e+01 2.153944e+04 2.233732e+04
1.434000e+01 2.156818e+04 2.234206e+04
1.435000e+01 2.159657e+04 2.234507e+04
1.436000e+01 2.163018e+04 2.235223e+04
1.437000e+01 2.166263e+04 2.235713e+04
1.438000e+01 2.169382e+04 2.235982e+04
1.439000e+01 2.172364e+04 2.236038e+04
1.440000e+01 2.175200e+04 2.235886e+04
1.441000e+01 2.177881e+04 2.235534e+04
1.442000e+01 2.180398e+04 2.234988e+04
1.443000e+01 2.182741e+04 2.234257e+04
1.444000e+01 2.184903e+04 2.233349e+04
1.445000e+01 2.186875e+04 2.232272e+04
1.446000e+01 2.188650e+04 2.231034e+04
1.447000e+01 2.190221e+04 2.229646e+04
1.448000e+01 2.191580e+04 2.228116e+04
1.449000e+01 2.192722e+04 2.226455e+04
1.450000e+01 2.193639e+04 2.224671e+04
1.451000e+01 2.194327e+04 2.222777e+04
1.452000e+01 2.194781e+04 2.220781e+04
1.453000e+01 2.194995e+04 2.218695e+04
1.454000e+01 2.194966e+04 2.216529e+04
1.455000e+01 2.194690e+04 2.214295e+04
1.456000e+01 2.194164e+04 2.212003e+04
1.457000e+01 2.193384e+04 2.209666e+04
1.458000e+01 2.192349e+04 2.207294e+04
1.459000e+01 2.191057e+04 2.204899e+04
1.460000e+01 2.189507e+04 2.202493e+04
1.461000e+01 2.188179e+04 2.200117e+04
1.462000e+01 2.187147e+04 2.197787e+04
1.463000e+01 2.185855e+04 2.195481e+04
1.464000e+01 2.184305e+04 2.193210e+04
1.465000e+01 2.182498e+04 2.190986e+04
1.466000e+01 2.180436e+04 2.188820e+04
1.467000e+01 2.178121e+04 2.186725e+04
1.468000e+01 2.175555e+04 2.184711e+04
1.469000e+01 2.172742e+04 2.182790e+04
1.470000e+01 2.169686e+04 2.180973e+04
1.471000e+01 2.166390e+04 2.179271e+04
1.472000e+01 2.162860e+04 2.177694e+04
1.473000e+01 2.159101e+04 2.176253e+04
1.474000e+01 2.155119e+04 2.174959e+04
1.475000e+01 2.150918e+04 2.173822e+04
1.476000e+01 2.146507e+04 2.172851e+04
1.477000e+01 2.141885e+04 2.172051e+04
1.478000e+01 2.137064e+04 2.171433e+04
1.479000e+01 2.132054e+04 2.171010e+04
1.480000e+01 2.126864e+04 2.170790e+04
1.481000e+01 2.121500e+04 2.170781e+04
1.482000e+01 2.115972e+04 2.170991e+04
1.483000e+01 2.110290e+04 2.171428e+04
1.484000e+01 2.104463e+04 2.172098e+04
1.485000e+01 2.098500e+04 2.173009e+04
1.486000e+01 2.092412e+04 2.174167e+04
1.487000e+01 2.086904e+04 2.175024e+04
1.488000e+01 2.081423e+04 2.176035e+04
1.489000e+01 2.075849e+04 2.177309e+04
1.490000e+01 2.070192e+04 2.178851e+04
1.491000e+01 2.064463e+04 2.180664e+04
1.492000e+01 2.058675e+04 2.182753e+04
1.493000e+01 2.052839e+04 2.185121e+04
1.494000e+01 2.046966e+04 2.187770e+04
1.495000e+01 2.041069e+04 2.190703e+04
1.496000e+01 2.035159e+04 2.193920e+04
1.497000e+01 2.029249e+04 2.197424e+04
1.498000e+01 2.023349e+04 2.201214e+04
1.499000e+01 2.017473e+04 2.205292e+04
1.500000e+01 2.011633e+04 2.209655e+04
1.501000e+01 2.005840e+04 2.214305e+04
1.502000e+01 2.000107e+04 2.219239e+04
1.503000e+01 1.994445e+04 2.224454e+04
1.504000e+01 1.988867e+04 2.229950e+04
1.505000e+01 1.983385e+04 2.235723e+04
1.506000e+01 1.978009e+04 2.241769e+04
1.507000e+01 1.972752e+04 2.248084e+04
1.508000e+01 1.967626e+04 2.254665e+04
1.509000e+01 1.962640e+04 2.261506e+04
1.510000e+01 1.957807e+04 2.268601e+04
1.511000e+01 1.953137e+04 2.275946e+04
1.512000e+01 1.948677e+04 2.283310e+04
1.513000e+01 1.944532e+04 2.290106e+04
1.514000e+01 1.940581e+04 2.297131e+04
1.515000e+01 1.936833e+04 2.304378e+04
1.516000e+01 1.933299e+04 2.311837e+04
1.517000e+01 1.929987e+04 2.319502e+04
1.518000e+01 1.926906e+04 2.327363e+04
1.519000e+01 1.924064e+04 2.335411e+04
1.520000e+01 1.921470e+04 2.343636e+04
1.521000e+01 1.919131e+04 2.352030e+04
1.522000e+01 1.917053e+04 2.360581e+04
1.523000e+01 1.915245e+04 2.369279e+04
1.524000e+01 1.913712e+04 2.378113e+04
1.525000e+01 1.912458e+04 2.387071e+04
1.526000e+01 1.911485e+04 2.396137e+04
1.527000e+01 1.910804e+04 2.405307e+04
1.528000e+01 1.910419e+04 2.414567e+04
1.529000e+01 1.910334e+04 2.423907e+04
1.530000e+01 1.910553e+04 2.433314e+04
1.531000e+01 1.911079e+04 2.442775e+04
1.532000e+01 1.911914e+04 2.452280e+04
1.533000e+01 1.913061e+04 2.461815e+04
1.534000e+01 1.914521e+04 2.471367e+04
1.535000e+01 1.916295e+04 2.480925e+04
1.536000e+01 1.918383e+04 2.490475e+04
1.537000e+01 1.920786e+04 2.500006e+04
1.538000e+01 1.923178e+04 2.509010e+04
1.539000e+01 1.925660e+04 2.517633e+04
1.540000e+01 1.928453e+04 2.526198e+04
1.541000e+01 1.931556e+04 2.534692e+04
1.542000e+01 1.934966e+04 2.543103e+04
1.543000e+01 1.938679e+04 2.551420e+04
1.544000e+01 1.942692e+04 2.559629e+04
1.545000e+01 1.947002e+04 2.567718e+04
1.546000e+01 1.951602e+04 2.575676e+04
1.547000e+01 1.956489e+04 2.583491e+04
1.548000e+01 1.961656e+04 2.591152e+04
1.549000e+01 1.967098e+04 2.598647e+04
1.550000e+01 1.972808e+04 2.605965e+04
1.551000e+01 1.978779e+04 2.613096e+04
1.552000e+01 1.985004e+04 2.620028e+04
1.553000e+01 1.991475e+04 2.626753e+04
1.554000e+01 1.998183e+04 2.633259e+04
1.555000e+01 2.005121e+04 2.639538e+04
1.556000e+01 2.012279e+04 2.645581e+04
1.557000e+01 2.019647e+04 2.651378e+04
1.558000e+01 2.027217e+04 2.656921e+04
1.559000e+01 2.034977e+04 2.662203e+04
1.560000e+01 2.042918e+04 2.667215e+04
1.561000e+01 2.051029e+04 2.671950e+04
1.562000e+01 2.059299e+04 2.676403e+04
1.563000e+01 2.067716e+04 2.680566e+04
1.564000e+01 2.075398e+04 2.684233e+04
1.565000e+01 2.083177e+04 2.687593e+04
1.566000e+01 2.091070e+04 2.690649e+04
1.567000e+01 2.099062e+04 2.693394e+04
1.568000e+01 2.107143e+04 2.695825e+04
1.569000e+01 2.115299e+04 2.697940e+04
1.570000e+01 2.123518e+04 2.699734e+04
1.571000e+01 2.131786e+04 2.701206e+04
1.572000e+01 2.140093e+04 2.702354e+04
1.573000e+01 2.148424e+04 2.703176e+04
1.574000e+01 2.156766e+04 2.703673e+04
1.575000e+01 2.165105e+04 2.703840e+04
1.576000e+01 2.173424e+04 2.703675e+04
1.577000e+01 2.181716e+04 2.703186e+04
1.578000e+01 2.189969e+04 2.702371e+04
1.579000e+01 2.198168e+04 2.701235e+04
1.580000e+01 2.206301e+04 2.699779e+04
1.581000e+01 2.214357e+04 2.698005e+04
1.582000e+01 2.222322e+04 2.695917e+04
1.583000e+01 2.230183e+04 2.693520e+04
1.584000e+01 2.237930e+04 2.690817e+04
1.585000e+01 2.245549e+04 2.687814e+04
1.586000e+01 2.253029e+04 2.684515e+04
1.587000e+01 2.260359e+04 2.680927e+04
1.588000e+01 2.267527e+04 2.677055e+04
1.589000e+01 2.274278e+04 2.673060e+04
1.590000e+01 2.280388e+04 2.669082e+04
1.591000e+01 2.286304e+04 2.664843e+04
1.592000e+01 2.292016e+04 2.660350e+04
1.593000e+01 2.297513e+04 2.655611e+04
1.594000e+01 2.302787e+04 2.650636e+04
1.595000e+01 2.307829e+04 2.645434e+04
1.596000e+01 2.312629e+04 2.640015e+04
1.597000e+01 2.317179e+04 2.634387e+04
1.598000e+01 2.321472e+04 2.628561e+04
1.599000e+01 2.325500e+04 2.622549e+04
1.600000e+01 2.329256e+04 2.616360e+04
1.601000e+01 2.332734e+04 2.610006e+04
1.602000e+01 2.335927e+04 2.603498e+04
1.603000e+01 2.338829e+04 2.596848e+04
1.604000e+01 2.341436e+04 2.590067e+04
1.605000e+01 2.343743e+04 2.583167e+04
1.606000e+01 2.345746e+04 2.576162e+04
1.607000e+01 2.347440e+04 2.569062e+04
1.608000e+01 2.348823e+04 2.561880e+04
1.609000e+01 2.349892e+04 2.554629e+04
1.610000e+01 2.350644e+04 2.547322e+04
1.611000e+01 2.351079e+04 2.539971e+04
1.612000e+01 2.351195e+04 2.532589e+04
1.613000e+01 2.350991e+04 2.525189e+04
1.614000e+01 2.350468e+04 2.517783e+04
1.615000e+01 2.349529e+04 2.510899e+04
1.616000e+01 2.348236e+04 2.504231e+04
1.617000e+01 2.346626e+04 2.497595e+04
1.618000e+01 2.344700e+04 2.491005e+04
1.619000e+01 2.342463e+04 2.484473e+04
1.620000e+01 2.339916e+04 2.478011e+04
1.621000e+01 2.337063e+04 2.471632e+04
1.622000e+01 2.333909e+04 2.465347e+04
1.623000e+01 2.330457e+04 2.459169e+04
1.624000e+01 2.326713e+04 2.453109e+04
1.625000e+01 2.322681e+04 2.447179e+04
1.626000e+01 2.318369e+04 2.441390e+04
1.627000e+01 2.313777e+04 2.435747e+04
1.628000e+01 2.308915e+04 2.430264e+04
1.629000e+01 2.303791e+04 2.424954e+04
1.630000e+01 2.298415e+04 2.419828e+04
1.631000e+01 2.292793e+04 2.414894e+04
1.632000e+01 2.286935e+04 2.410162e+04
1.633000e+01 2.280849e+04 2.405641e+04
1.634000e+01 2.274544e+04 2.401341e+04
1.635000e+01 2.268029e+04 2.397268e+04
1.636000e+01 2.261315e+04 2.393432e+04
1.637000e+01 2.254411e+04 2.389838e+04
1.638000e+01 2.247328e+04 2.386496e+04
1.639000e+01 2.240077e+04 2.383410e+04
1.640000e+01 2.232708e+04 2.380636e+04
1.641000e+01 2.225554e+04 2.378552e+04
1.642000e+01 2.218264e+04 2.376743e+04
1.643000e+01 2.210851e+04 2.375213e+04
1.644000e+01 2.203326e+04 2.373965e+04
1.645000e+01 2.195701e+04 2.373005e+04
1.646000e+01 2.187988e+04 2.372335e+04
1.647000e+01 2.180198e+04 2.371957e+04
1.648000e+01 2.172345e+04 2.371875e+04
1.649000e+01 2.164441e+04 2.372090e+04
1.650000e+01 2.156497e+04 2.372603e+04
1.651000e+01 2.148526e+04 2.373415e+04
1.652000e+01 2.140541e+04 2.374525e+04
1.653000e+01 2.132553e+04 2.375935e+04
1.654000e+01 2.124575e+04 2.377643e+04
1.655000e+01 2.116619e+04 2.379647e+04
1.656000e+01 2.108698e+04 2.381946e+04
1.657000e+01 2.100823e+04 2.384538e+04
1.658000e+01 2.093007e+04 2.387420e+04
1.659000e+01 2.085260e+04 2.390588e+04
1.660000e+01 2.077596e+04 2.394039e+04
1.661000e+01 2.070024e+04 2.397768e+04
1.662000e+01 2.062557e+04 2.401771e+04
1.663000e+01 2.055205e+04 2.406042e+04
1.664000e+01 2.047980e+04 2.410577e+04
1.665000e+01 2.040891e+04 2.415368e+04
1.666000e+01 2.034205e+04 2.420379e+04
1.667000e+01 2.027957e+04 2.425598e+04
1.668000e+01 2.021875e+04 2.431053e+04
1.669000e+01 2.015969e+04 2.436737e+04
1.670000e+01 2.010248e+04 2.442642e+04
1.671000e+01 2.004720e+04 2.448758e+04
1.672000e+01 1.999395e+04 2.455078e+04
1.673000e+01 1.994278e+04 2.461592e+04
1.674000e+01 1.989379e+04 2.468292e+04
1.675000e+01 1.984705e+04 2.475166e+04
1.676000e+01 1.980261e+04 2.482205e+04
1.677000e+01 1.976054e+04 2.489400e+04
1.678000e+01 1.972090e+04 2.496739e+04
1.679000e+01 1.968374e+04 2.504212e+04
1.680000e+01 1.964908e+04 2.511805e+04
1.681000e+01 1.961696e+04 2.519505e+04
1.682000e+01 1.958744e+04 2.527306e+04
1.683000e+01 1.956058e+04 2.535196e+04
1.684000e+01 1.953639e+04 2.543165e+04
1.685000e+01 1.951490e+04 2.551199e+04
1.686000e+01 1.949614e+04 2.559288e+04
1.687000e+01 1.948012e+04 2.567420e+04
1.688000e+01 1.946684e+04 2.575584e+04
1.689000e+01 1.945631e+04 2.583766e+04
1.690000e+01 1.944854e+04 2.591956e+04
1.691000e+01 1.944351e+04 2.600142e+04
1.692000e+01 1.944291e+04 2.607896e+04
1.693000e+01 1.944531e+04 2.615551e+04
1.694000e+01 1.945042e+04 2.623167e+04
1.695000e+01 1.945820e+04 2.630732e+04
1.696000e+01 1.946864e+04 2.638236e+04
1.697000e+01 1.948168e+04 2.645667e+04
1.698000e+01 1.949731e+04 2.653013e+04
1.699000e+01 1.951547e+04 2.660265e+04
1.700000e+01 1.953611e+04 2.667412e+04
1.701000e+01 1.955918e+04 2.674443e+04
1.702000e+01 1.958463e+04 2.681347e+04
1.703000e+01 1.961240e+04 2.688116e+04
1.704000e+01 1.964242e+04 2.694740e+04
1.705000e+01 1.967462e+04 2.701208e+04
1.706000e+01 1.970892e+04 2.707513e+04
1.707000e+01 1.974526e+04 2.713646e+04
1.708000e+01 1.978356e+04 2.719597e+04
1.709000e+01 1.982372e+04 2.725360e+04
1.710000e+01 1.986567e+04 2.730927e+04
1.711000e+01 1.990931e+04 2.736289e+04
1.712000e+01 1.995455e+04 2.741442e+04
1.713000e+01 2.000130e+04 2.746377e+04
1.714000e+01 2.004946e+04 2.751090e+04
1.715000e+01 2.009893e+04 2.755574e+04
1.716000e+01 2.014960e+04 2.759824e+04
1.717000e+01 2.020055e+04 2.763728e+04
1.718000e+01 2.024976e+04 2.767026e+04
1.719000e+01 2.029986e+04 2.770079e+04
1.720000e+01 2.035073e+04 2.772881e+04
1.721000e+01 2.040227e+04 2.775431e+04
1.722000e+01 2.045437e+04 2.777726e+04
1.723000e+01 2.050691e+04 2.779764e+04
1.724000e+01 2.055978e+04 2.781543e+04
1.725000e+01 2.061287e+04 2.783064e+04
1.726000e+01 2.066607e+04 2.784325e+04
1.727000e+01 2.071925e+04 2.785326e+04
1.728000e+01 2.077232e+04 2.786069e+04
1.729000e+01 2.082514e+04 2.786553e+04
1.730000e+01 2.087762e+04 2.786781e+04
1.731000e+01 2.092964e+04 2.786754e+04
1.732000e+01 2.098109e+04 2.786475e+04
1.733000e+01 2.103186e+04 2.785947e+04
1.734000e+01 2.108184e+04 2.785173e+04
1.735000e+01 2.113091e+04 2.784156e+04
1.736000e+01 2.117893e+04 2.782895e+04
1.737000e+01 2.122584e+04 2.781402e+04
1.738000e+01 2.127155e+04 2.779681e+04
1.739000e+01 2.131597e+04 2.777737e+04
1.740000e+01 2.135899e+04 2.775578e+04
1.741000e+01 2.140053e+04 2.773209e+04
1.742000e+01 2.144048e+04 2.770637e+04
1.743000e+01 2.147448e+04 2.767867e+04
1.744000e+01 2.150396e+04 2.764908e+04
1.745000e+01 2.153160e+04 2.761769e+04
1.746000e+01 2.155735e+04 2.758457e+04
1.747000e+01 2.158111e+04 2.754982e+04
1.748000e+01 2.160283e+04 2.751353e+04
1.749000e+01 2.162244e+04 2.747578e+04
1.750000e+01 2.163987e+04 2.743667e+04
1.751000e+01 2.165508e+04 2.739629e+04
1.752000e+01 2.166799e+04 2.735476e+04
1.753000e+01 2.167858e+04 2.731216e+04
1.754000e+01 2.168679e+04 2.726860e+04
1.755000e+01 2.169258e+04 2.722418e+04
1.756000e+01 2.169592e+04 2.717902e+04
1.757000e+01 2.169677e+04 2.713321e+04
1.758000e+01 2.169512e+04 2.708688e+04
1.759000e+01 2.169094e+04 2.704012e+04
1.760000e+01 2.168421e+04 2.699306e+04
1.761000e+01 2.167492e+04 2.694579e+04
1.762000e+01 2.166306e+04 2.689844e+04
1.763000e+01 2.164864e+04 2.685112e+04
1.764000e+01 2.163166e+04 2.680394e+04
1.765000e+01 2.161211e+04 2.675700e+04
1.766000e+01 2.159003e+04 2.671043e+04
1.767000e+01 2.156541e+04 2.666434e+04
1.768000e+01 2.153829e+04 2.661882e+04
1.769000e+01 2.150304e+04 2.657995e+04
1.770000e+01 2.146525e+04 2.654197e+04
1.771000e+01 2.142505e+04 2.650490e+04
1.772000e+01 2.138248e+04 2.646884e+04
1.773000e+01 2.133759e+04 2.643390e+04
1.774000e+01 2.129042e+04 2.640017e+04
1.775000e+01 2.124103e+04 2.636776e+04
1.776000e+01 2.118947e+04 2.633676e+04
1.777000e+01 2.113581e+04 2.630726e+04
1.778000e+01 2.108012e+04 2.627937e+04
1.779000e+01 2.102246e+04 2.625316e+04
1.780000e+01 2.096291e+04 2.622872e+04
1.781000e+01 2.090155e+04 2.620613e+04
1.782000e+01 2.083845e+04 2.618547e+04
1.783000e+01 2.077371e+04 2.616682e+04
1.784000e+01 2.070740e+04 2.615025e+04
1.785000e+01 2.063962e+04 2.613583e+04
1.786000e+01 2.057047e+04 2.612361e+04
1.787000e+01 2.050004e+04 2.611367e+04
1.788000e+01 2.042842e+04 2.610604e+04
1.789000e+01 2.035572e+04 2.610080e+04
1.790000e+01 2.028204e+04 2.609798e+04
1.791000e+01 2.020750e+04 2.609762e+04
1.792000e+01 2.013216e+04 2.609974e+04
1.793000e+01 2.005612e+04 2.610436e+04
1.794000e+01 1.997949e+04 2.611491e+04
1.795000e+01 1.990237e+04 2.613403e+04
1.796000e+01 1.982492e+04 2.615575e+04
1.797000e+01 1.974726e+04 2.618012e+04
1.798000e+01 1.966951e+04 2.620710e+04
1.799000e+01 1.959177e+04 2.623674e+04
1.800000e+01 1.951417e+04 2.626900e+04
1.801000e+01 1.943681e+04 2.630390e+04
1.802000e+01 1.935981e+04 2.634142e+04
1.803000e+01 1.928328e+04 2.638155e+04
1.804000e+01 1.920734e+04 2.642427e+04
1.805000e+01 1.913210e+04 2.646956e+04
1.806000e+01 1.905767e+04 2.651737e+04
1.807000e+01 1.898415e+04 2.656770e+04
1.808000e+01 1.891167e+04 2.662047e+04
1.809000e+01 1.884031e+04 2.667567e+04
1.810000e+01 1.877020e+04 2.673325e+04
1.811000e+01 1.870143e+04 2.679313e+04
1.812000e+01 1.863410e+04 2.685529e+04
1.813000e+01 1.856831e+04 2.691964e+04
1.814000e+01 1.850415e+04 2.698612e+04
1.815000e+01 1.844173e+04 2.705468e+04
1.816000e+01 1.838112e+04 2.712522e+04
1.817000e+01 1.832242e+04 2.719769e+04
1.818000e+01 1.826571e+04 2.727198e+04
1.819000e+01 1.821106e+04 2.734803e+04
1.820000e+01 1.816326e+04 2.743131e+04
1.821000e+01 1.811935e+04 2.751816e+04
1.822000e+01 1.807773e+04 2.760647e+04
1.823000e+01 1.803846e+04 2.769618e+04
1.824000e+01 1.800161e+04 2.778715e+04
1.825000e+01 1.796722e+04 2.787931e+04
1.826000e+01 1.793536e+04 2.797255e+04
1.827000e+01 1.790606e+04 2.806674e+04
1.828000e+01 1.787938e+04 2.816180e+04
1.829000e+01 1.785534e+04 2.825759e+04
1.830000e+01 1.783400e+04 2.835403e+04
1.831000e+01 1.781536e+04 2.845098e+04
1.832000e+01 1.779947e+04 2.854833e+04
1.833000e+01 1.778633e+04 2.864597e+04
1.834000e+01 1.777596e+04 2.874377e+04
1.835000e+01 1.776838e+04 2.884163e+04
1.836000e+01 1.776359e+04 2.893942e+04
1.837000e+01 1.776158e+04 2.903703e+04
1.838000e+01 1.776235e+04 2.913433e+04
1.839000e+01 1.776589e+04 2.923120e+04
1.840000e+01 1.777219e+04 2.932754e+04
1.841000e+01 1.778122e+04 2.942321e+04
1.842000e+01 1.779297e+04 2.951811e+04
1.843000e+01 1.780739e+04 2.961212e+04
1.844000e+01 1.782445e+04 2.970512e+04
1.845000e+01 1.784522e+04 2.979720e+04
1.846000e+01 1.787709e+04 2.988962e+04
1.847000e+01 1.791147e+04 2.998069e+04
1.848000e+01 1.794831e+04 3.007032e+04
1.849000e+01 1.798755e+04 3.015839e+04
1.850000e+01 1.802912e+04 3.024481e+04
1.851000e+01 1.807292e+04 3.032943e+04
1.852000e+01 1.811888e+04 3.041217e+04
1.853000e+01 1.816696e+04 3.049297e+04
1.854000e+01 1.821709e+04 3.057172e+04
1.855000e+01 1.826917e+04 3.064834e+04
1.856000e+01 1.832312e+04 3.072276e+04
1.857000e+01 1.837885e+04 3.079487e+04
1.858000e+01 1.843626e+04 3.086462e+04
1.859000e+01 1.849526e+04 3.093193e+04
1.860000e+01 1.855575e+04 3.099672e+04
1.861000e+01 1.861762e+04 3.105894e+04
1.862000e+01 1.868076e+04 3.111851e+04
1.863000e+01 1.874508e+04 3.117540e+04
1.864000e+01 1.881045e+04 3.122954e+04
1.865000e+01 1.887676e+04 3.128089e+04
1.866000e+01 1.894390e+04 3.132939e+04
1.867000e+01 1.901176e+04 3.137502e+04
1.868000e+01 1.908020e+04 3.141775e+04
1.869000e+01 1.914912e+04 3.145754e+04
1.870000e+01 1.921838e+04 3.149438e+04
1.871000e+01 1.929178e+04 3.152611e+04
1.872000e+01 1.936933e+04 3.155265e+04
1.873000e+01 1.944687e+04 3.157618e+04
1.874000e+01 1.952427e+04 3.159672e+04
1.875000e+01 1.960140e+04 3.161426e+04
1.876000e+01 1.967813e+04 3.162882e+04
1.877000e+01 1.975435e+04 3.164040e+04
1.878000e+01 1.982994e+04 3.164903e+04
1.879000e+01 1.990476e+04 3.165472e+04
1.880000e+01 1.997871e+04 3.165750e+04
1.881000e+01 2.005165e+04 3.165741e+04
1.882000e+01 2.012346e+04 3.165449e+04
1.883000e+01 2.019404e+04 3.164878e+04
1.884000e+01 2.026326e+04 3.164033e+04
1.885000e+01 2.033102e+04 3.162919e+04
1.886000e+01 2.039719e+04 3.161541e+04
1.887000e+01 2.046168e+04 3.159906e+04
1.888000e+01 2.052437e+04 3.158021e+04
1.889000e+01 2.058516e+04 3.155893e+04
1.890000e+01 2.064394e+04 3.153530e+04
1.891000e+01 2.070063e+04 3.150939e+04
1.892000e+01 2.075513e+04 3.148128e+04
1.893000e+01 2.080734e+04 3.145107e+04
1.894000e+01 2.085717e+04 3.141884e+04
1.895000e+01 2.090455e+04 3.138469e+04
1.896000e+01 2.094940e+04 3.134872e+04
1.897000e+01 2.099418e+04 3.130485e+04
1.898000e+01 2.103667e+04 3.125841e+04
1.899000e+01 2.107641e+04 3.121045e+04
1.900000e+01 2.111334e+04 3.116110e+04
1.901000e+01 2.114740e+04 3.111047e+04
1.902000e+01 2.117853e+04 3.105866e+04
1.903000e+01 2.120668e+04 3.100582e+04
1.904000e+01 2.123182e+04 3.095204e+04
1.905000e+01 2.125390e+04 3.089746e+04
1.906000e+01 2.127288e+04 3.084218e+04
1.907000e+01 2.128875e+04 3.078635e+04
1.908000e+01 2.130147e+04 3.073008e+04
1.909000e+01 2.131103e+04 3.067351e+04
1.910000e+01 2.131741e+04 3.061675e+04
1.911000e+01 2.132060e+04 3.055993e+04
1.912000e+01 2.132054e+04 3.050314e+04
1.913000e+01 2.131729e+04 3.044653e+04
1.914000e+01 2.131087e+04 3.039026e+04
1.915000e+01 2.130127e+04 3.033445e+04
1.916000e+01 2.128853e+04 3.027922e+04
1.917000e+01 2.127267e+04 3.022471e+04
1.918000e+01 2.125370e+04 3.017104e+04
1.919000e+01 2.123168e+04 3.011832e+04
1.920000e+01 2.120663e+04 3.006669e+04
1.921000e+01 2.117860e+04 3.001628e+04
1.922000e+01 2.114721e+04 2.996580e+04
1.923000e+01 2.111162e+04 2.991245e+04
1.924000e+01 2.107321e+04 2.986068e+04
1.925000e+01 2.103205e+04 2.981056e+04
1.926000e+01 2.098819e+04 2.976224e+04
1.927000e+01 2.094172e+04 2.971579e+04
1.928000e+01 2.089270e+04 2.967135e+04
1.929000e+01 2.084123e+04 2.962899e+04
1.930000e+01 2.078738e+04 2.958883e+04
1.931000e+01 2.073125e+04 2.955095e+04
1.932000e+01 2.067292e+04 2.951544e+04
1.933000e+01 2.061249e+04 2.948240e+04
1.934000e+01 2.055007e+04 2.945191e+04
1.935000e+01 2.048575e+04 2.942403e+04
1.936000e+01 2.041964e+04 2.939886e+04
1.937000e+01 2.035185e+04 2.937644e+04
1.938000e+01 2.028250e+04 2.935686e+04
1.939000e+01 2.021169e+04 2.934018e+04
1.940000e+01 2.013954e+04 2.932644e+04
1.941000e+01 2.006618e+04 2.931570e+04
1.942000e+01 1.999173e+04 2.930801e+04
1.943000e+01 1.991630e+04 2.930340e+04
1.944000e+01 1.984002e+04 2.930192e+04
1.945000e+01 1.976303e+04 2.930358e+04
1.946000e+01 1.968543e+04 2.930843e+04
1.947000e+01 1.960737e+04 2.931647e+04
1.948000e+01 1.952693e+04 2.932642e+04
1.949000e+01 1.944501e+04 2.933879e+04
1.950000e+01 1.936302e+04 2.935440e+04
1.951000e+01 1.928108e+04 2.937322e+04
1.952000e+01 1.919932e+04 2.939527e+04
1.953000e+01 1.911787e+04 2.942052e+04
1.954000e+01 1.903685e+04 2.944896e+04
1.955000e+01 1.895641e+04 2.948059e+04
1.956000e+01 1.887665e+04 2.951535e+04
1.957000e+01 1.879772e+04 2.955321e+04
1.958000e+01 1.871972e+04 2.959416e+04
1.959000e+01 1.864279e+04 2.963813e+04
1.960000e+01 1.856705e+04 2.968506e+04
1.961000e+01 1.849261e+04 2.973495e+04
1.962000e+01 1.841959e+04 2.978769e+04
1.963000e+01 1.834810e+04 2.984325e+04
1.964000e+01 1.827826e+04 2.990155e+04
1.965000e+01 1.821017e+04 2.996251e+04
1.966000e+01 1.814393e+04 3.002607e+04
1.967000e+01 1.807966e+04 3.009215e+04
1.968000e+01 1.801744e+04 3.016065e+04
1.969000e+01 1.795738e+04 3.023151e+04
1.970000e+01 1.789956e+04 3.030459e+04
1.971000e+01 1.784407e+04 3.037985e+04
1.972000e+01 1.779099e+04 3.045714e+04
1.973000e+01 1.774040e+04 3.053640e+04
1.974000e+01 1.769057e+04 3.061777e+04
1.975000e+01 1.764333e+04 3.070084e+04
1.976000e+01 1.759879e+04 3.078552e+04
1.977000e+01 1.755701e+04 3.087171e+04
1.978000e+01 1.751804e+04 3.095931e+04
1.979000e+01 1.748195e+04 3.104818e+04
1.980000e+01 1.744878e+04 3.113821e+04
1.981000e+01 1.741856e+04 3.122928e+04
1.982000e+01 1.739134e+04 3.132124e+04
1.983000e+01 1.736714e+04 3.141400e+04
1.984000e+01 1.734599e+04 3.150742e+04
1.985000e+01 1.732791e+04 3.160136e+04
1.986000e+01 1.731291e+04 3.169572e+04
1.987000e+01 1.730101e+04 3.179034e+04
1.988000e+01 1.729221e+04 3.188511e+04
1.989000e+01 1.728651e+04 3.197989e+04
1.990000e+01 1.728390e+04 3.207457e+04
1.991000e+01 1.728436e+04 3.216901e+04
1.992000e+01 1.728789e+04 3.226308e+04
1.993000e+01 1.729446e+04 3.235666e+04
1.994000e+01 1.730405e+04 3.244962e+04
1.995000e+01 1.731661e+04 3.254183e+04
1.996000e+01 1.733212e+04 3.263318e+04
1.997000e+01 1.735052e+04 3.272354e+04
1.998000e+01 1.737178e+04 3.281280e+04
1.999000e+01 1.739589e+04 3.290076e+04
2.000000e+01 1.742284e+04 3.298729e+04
2.001000e+01 1.745247e+04 3.307237e+04
2.002000e+01 1.748472e+04 3.315587e+04
2.003000e+01 1.751950e+04 3.323773e+04
2.004000e+01 1.755674e+04 3.331780e+04
2.005000e+01 1.759637e+04 3.339602e+04
2.006000e+01 1.763830e+04 3.347227e+04
2.007000e+01 1.768244e+04 3.354646e+04
2.008000e+01 1.772869e+04 3.361850e+04
2.009000e+01 1.777697e+04 3.368831e+04
2.010000e+01 1.782717e+04 3.375582e+04
2.011000e+01 1.787920e+04 3.382092e+04
2.012000e+01 1.793294e+04 3.388358e+04
2.013000e+01 1.798829e+04 3.394370e+04
2.014000e+01 1.804514e+04 3.400122e+04
2.015000e+01 1.810337e+04 3.405611e+04
2.016000e+01 1.816287e+04 3.410827e+04
2.017000e+01 1.822352e+04 3.415770e+04
2.018000e+01 1.828520e+04 3.420433e+04
2.019000e+01 1.834779e+04 3.424811e+04
2.020000e+01 1.841116e+04 3.428903e+04
2.021000e+01 1.847520e+04 3.432705e+04
2.022000e+01 1.853977e+04 3.436216e+04
2.023000e+01 1.860475e+04 3.439431e+04
2.024000e+01 1.867002e+04 3.442353e+04
2.025000e+01 1.873531e+04 3.444814e+04
2.026000e+01 1.880059e+04 3.446924e+04
2.027000e+01 1.886577e+04 3.448738e+04
2.028000e+01 1.893073e+04 3.450257e+04
2.029000e+01 1.899533e+04 3.451483e+04
2.030000e+01 1.905946e+04 3.452418e+04
2.031000e+01 1.912298e+04 3.453064e+04
2.032000e+01 1.918578e+04 3.453425e+04
2.033000e+01 1.924773e+04 3.453503e+04
2.034000e+01 1.930871e+04 3.453304e+04
2.035000e+01 1.936860e+04 3.452832e+04
2.036000e+01 1.942729e+04 3.452090e+04
2.037000e+01 1.948467e+04 3.451086e+04
2.038000e+01 1.954061e+04 3.449825e+04
2.039000e+01 1.959497e+04 3.448310e+04
2.040000e+01 1.964766e+04 3.446548e+04
2.041000e+01 1.969860e+04 3.444550e+04
2.042000e+01 1.974769e+04 3.442324e+04
2.043000e+01 1.979484e+04 3.439880e+04
2.044000e+01 1.983995e+04 3.437222e+04
2.045000e+01 1.988292e+04 3.434363e+04
2.046000e+01 1.992368e+04 3.431310e+04
2.047000e+01 1.996215e+04 3.428074e+04
2.048000e+01 1.999824e+04 3.424666e+04
2.049000e+01 2.003189e+04 3.421094e+04
2.050000e+01 2.006263e+04 3.417336e+04
2.051000e+01 2.008810e+04 3.413196e+04
2.052000e+01 2.011093e+04 3.408926e+04
2.053000e+01 2.013107e+04 3.404537e+04
2.054000e+01 2.014847e+04 3.400042e+04
2.055000e+01 2.016308e+04 3.395452e+04
2.056000e+01 2.017487e+04 3.390780e+04
2.057000e+01 2.018379e+04 3.386038e+04
2.058000e+01 2.018983e+04 3.381237e+04
2.059000e+01 2.019295e+04 3.376391e+04
2.060000e+01 2.019314e+04 3.371512e+04
2.061000e+01 2.019039e+04 3.366613e+04
2.062000e+01 2.018469e+04 3.361707e+04
2.063000e+01 2.017603e+04 3.356806e+04
2.064000e+01 2.016442e+04 3.351923e+04
2.065000e+01 2.014987e+04 3.347070e+04
2.066000e+01 2.013239e+04 3.342260e+04
2.067000e+01 2.011200e+04 3.337507e+04
2.068000e+01 2.008873e+04 3.332822e+04
2.069000e+01 2.006260e+04 3.328218e+04
2.070000e+01 2.003365e+04 3.323707e+04
2.071000e+01 2.000192e+04 3.319301e+04
2.072000e+01 1.996745e+04 3.315013e+04
2.073000e+01 1.993030e+04 3.310853e+04
2.074000e+01 1.989052e+04 3.306833e+04
2.075000e+01 1.984818e+04 3.302965e+04
2.076000e+01 1.980030e+04 3.299266e+04
2.077000e+01 1.974699e+04 3.295745e+04
2.078000e+01 1.969132e+04 3.292408e+04
2.079000e+01 1.963337e+04 3.289266e+04
2.080000e+01 1.957322e+04 3.286327e+04
2.081000e+01 1.951097e+04 3.283600e+04
2.082000e+01 1.944669e+04 3.281096e+04
2.083000e+01 1.938048e+04 3.278824e+04
2.084000e+01 1.931245e+04 3.276789e+04
2.085000e+01 1.924269e+04 3.275002e+04
2.086000e+01 1.917130e+04 3.273469e+04
2.087000e+01 1.909841e+04 3.272197e+04
2.088000e+01 1.902412e+04 3.271194e+04
2.089000e+01 1.894853e+04 3.270463e+04
2.090000e+01 1.887178e+04 3.270012e+04
2.091000e+01 1.879397e+04 3.269845e+04
2.092000e+01 1.871523e+04 3.269968e+04
2.093000e+01 1.863568e+04 3.270383e+04
2.094000e+01 1.855544e+04 3.271094e+04
2.095000e+01 1.847465e+04 3.272104e+04
2.096000e+01 1.839342e+04 3.273416e+04
2.097000e+01 1.831189e+04 3.275033e+04
2.098000e+01 1.823018e+04 3.276953e+04
2.099000e+01 1.814842e+04 3.279180e+04
2.100000e+01 1.806675e+04 3.281712e+04
2.101000e+01 1.798529e+04 3.284550e+04
2.102000e+01 1.789913e+04 3.288155e+04
2.103000e+01 1.781275e+04 3.292127e+04
2.104000e+01 1.772696e+04 3.296399e+04
2.105000e+01 1.764191e+04 3.300972e+04
2.106000e+01 1.755767e+04 3.305836e+04
2.107000e+01 1.747438e+04 3.310989e+04
2.108000e+01 1.739220e+04 3.316432e+04
2.109000e+01 1.731124e+04 3.322158e+04
2.110000e+01 1.723163e+04 3.328162e+04
2.111000e+01 1.715348e+04 3.334441e+04
2.112000e+01 1.707691e+04 3.340986e+04
2.113000e+01 1.700203e+04 3.347791e+04
2.114000e+01 1.692895e+04 3.354850e+04
2.115000e+01 1.685779e+04 3.362154e+04
2.116000e+01 1.678863e+04 3.369696e+04
2.117000e+01 1.672159e+04 3.377467e+04
2.118000e+01 1.665676e+04 3.385459e+04
2.119000e+01 1.659424e+04 3.393660e+04
2.120000e+01 1.653411e+04 3.402065e+04
2.121000e+01 1.647646e+04 3.410660e+04
2.122000e+01 1.642136e+04 3.419435e+04
2.123000e+01 1.636891e+04 3.428382e+04
2.124000e+01 1.631916e+04 3.437487e+04
2.125000e+01 1.627219e+04 3.446739e+04
2.126000e+01 1.622806e+04 3.456128e+04
2.127000e+01 1.618650e+04 3.465872e+04
2.128000e+01 1.614697e+04 3.476401e+04
2.129000e+01 1.611043e+04 3.487029e+04
2.130000e+01 1.607694e+04 3.497744e+04
2.131000e+01 1.604651e+04 3.508533e+04
2.132000e+01 1.601920e+04 3.519382e+04
2.133000e+01 1.599502e+04 3.530280e+04
2.134000e+01 1.597400e+04 3.541212e+04
2.135000e+01 1.595614e+04 3.552166e+04
2.136000e+01 1.594147e+04 3.563128e+04
2.137000e+01 1.592997e+04 3.574085e+04
2.138000e+01 1.592167e+04 3.585023e+04
2.139000e+01 1.591653e+04 3.595928e+04
2.140000e+01 1.591456e+04 3.606788e+04
2.141000e+01 1.591572e+04 3.617589e+04
2.142000e+01 1.592001e+04 3.628319e+04
2.143000e+01 1.592739e+04 3.638963e+04
2.144000e+01 1.593782e+04 3.649508e+04
2.145000e+01 1.595126e+04 3.659942e+04
2.146000e+01 1.596767e+04 3.670253e+04
2.147000e+01 1.598699e+04 3.680426e+04
2.148000e+01 1.600918e+04 3.690451e+04
2.149000e+01 1.603416e+04 3.700315e+04
2.150000e+01 1.606186e+04 3.710006e+04
2.151000e+01 1.609223e+04 3.719513e+04
2.152000e+01 1.612517e+04 3.728824e+04
2.153000e+01 1.616371e+04 3.738463e+04
2.154000e+01 1.620647e+04 3.748195e+04
2.155000e+01 1.625154e+04 3.757701e+04
2.156000e+01 1.629885e+04 3.766968e+04
2.157000e+01 1.634828e+04 3.775990e+04
2.158000e+01 1.639973e+04 3.784756e+04
2.159000e+01 1.645310e+04 3.793256e+04
2.160000e+01 1.650827e+04 3.801485e+04
2.161000e+01 1.656514e+04 3.809433e+04
2.162000e+01 1.662359e+04 3.817094e+04
2.163000e+01 1.668348e+04 3.824460e+04
2.164000e+01 1.674471e+04 3.831527e+04
2.165000e+01 1.680715e+04 3.838287e+04
2.166000e+01 1.687066e+04 3.844734e+04
2.167000e+01 1.693512e+04 3.850867e+04
2.168000e+01 1.700039e+04 3.856678e+04
2.169000e+01 1.706634e+04 3.862166e+04
2.170000e+01 1.713283e+04 3.867326e+04
2.171000e+01 1.719973e+04 3.872157e+04
2.172000e+01 1.726690e+04 3.876658e+04
2.173000e+01 1.733420e+04 3.880824e+04
2.174000e+01 1.740148e+04 3.884658e+04
2.175000e+01 1.746858e+04 3.888153e+04
2.176000e+01 1.753536e+04 3.891314e+04
2.177000e+01 1.760171e+04 3.894141e+04
2.178000e+01 1.766756e+04 3.896642e+04
2.179000e+01 1.774119e+04 3.899187e+04
2.180000e+01 1.781396e+04 3.901406e+04
2.181000e+01 1.788575e+04 3.903301e+04
2.182000e+01 1.795642e+04 3.904880e+04
2.183000e+01 1.802583e+04 3.906143e+04
2.184000e+01 1.809385e+04 3.907097e+04
2.185000e+01 1.816036e+04 3.907748e+04
2.186000e+01 1.822521e+04 3.908101e+04
2.187000e+01 1.828830e+04 3.908163e+04
2.188000e+01 1.834948e+04 3.907942e+04
2.189000e+01 1.840865e+04 3.907445e+04
2.190000e+01 1.846569e+04 3.906679e+04
2.191000e+01 1.852048e+04 3.905655e+04
2.192000e+01 1.857292e+04 3.904381e+04
2.193000e+01 1.862289e+04 3.902865e+04
2.194000e+01 1.867029e+04 3.901119e+04
2.195000e+01 1.871503e+04 3.899154e+04
2.196000e+01 1.875701e+04 3.896979e+04
2.197000e+01 1.879614e+04 3.894606e+04
2.198000e+01 1.883234e+04 3.892047e+04
2.199000e+01 1.886553e+04 3.889314e+04
2.200000e+01 1.889563e+04 3.886418e+04
2.201000e+01 1.892257e+04 3.883373e+04
2.202000e+01 1.894628e+04 3.880192e+04
2.203000e+01 1.896671e+04 3.876887e+04
2.204000e+01 1.898671e+04 3.873421e+04
2.205000e+01 1.900793e+04 3.869777e+04
2.206000e+01 1.902573e+04 3.866052e+04
2.207000e+01 1.904005e+04 3.862258e+04
2.208000e+01 1.905088e+04 3.858410e+04
2.209000e+01 1.905818e+04 3.854522e+04
2.210000e+01 1.906194e+04 3.850610e+04
2.211000e+01 1.906213e+04 3.846686e+04
2.212000e+01 1.905876e+04 3.842767e+04
2.213000e+01 1.905182e+04 3.838865e+04
2.214000e+01 1.904131e+04 3.834997e+04
2.215000e+01 1.902725e+04 3.831178e+04
2.216000e+01 1.900964e+04 3.827420e+04
2.217000e+01 1.898851e+04 3.823740e+04
2.218000e+01 1.896390e+04 3.820151e+04
2.219000e+01 1.893583e+04 3.816668e+04
2.220000e+01 1.890434e+04 3.813305e+04
2.221000e+01 1.886948e+04 3.810077e+04
2.222000e+01 1.883130e+04 3.806996e+04
2.223000e+01 1.878985e+04 3.804077e+04
2.224000e+01 1.874520e+04 3.801332e+04
2.225000e+01 1.869742e+04 3.798776e+04
2.226000e+01 1.864658e+04 3.796422e+04
2.227000e+01 1.859276e+04 3.794280e+04
2.228000e+01 1.853604e+04 3.792366e+04
2.229000e+01 1.847651e+04 3.790688e+04
2.230000e+01 1.841709e+04 3.789048e+04
2.231000e+01 1.835593e+04 3.787603e+04
2.232000e+01 1.829226e+04 3.786428e+04
2.233000e+01 1.822617e+04 3.785536e+04
2.234000e+01 1.815780e+04 3.784936e+04
2.235000e+01 1.808725e+04 3.784636e+04
2.236000e+01 1.801464e+04 3.784648e+04
2.237000e+01 1.794009e+04 3.784977e+04
2.238000e+01 1.786373e+04 3.785634e+04
2.239000e+01 1.778570e+04 3.786626e+04
2.240000e+01 1.770612e+04 3.787958e+04
2.241000e+01 1.762513e+04 3.789638e+04
2.242000e+01 1.754287e+04 3.791672e+04
2.243000e+01 1.745948e+04 3.794065e+04
2.244000e+01 1.737510e+04 3.796822e+04
2.245000e+01 1.728988e+04 3.799945e+04
2.246000e+01 1.720394e+04 3.803440e+04
2.247000e+01 1.711742e+04 3.807303e+04
2.248000e+01 1.703049e+04 3.811543e+04
2.249000e+01 1.694332e+04 3.816163e+04
2.250000e+01 1.685605e+04 3.821161e+04
2.251000e+01 1.676883e+04 3.826540e+04
2.252000e+01 1.668182e+04 3.832298e+04
2.253000e+01 1.659516e+04 3.838437e+04
2.254000e+01 1.650902e+04 3.844954e+04
2.255000e+01 1.642377e+04 3.851845e+04
2.256000e+01 1.634082e+04 3.859106e+04
2.257000e+01 1.625884e+04 3.866737e+04
2.258000e+01 1.617795e+04 3.874736e+04
2.259000e+01 1.609832e+04 3.883096e+04
2.260000e+01 1.602008e+04 3.891814e+04
2.261000e+01 1.594337e+04 3.900884e+04
2.262000e+01 1.586834e+04 3.910300e+04
2.263000e+01 1.579513e+04 3.920057e+04
2.264000e+01 1.572386e+04 3.930144e+04
2.265000e+01 1.565467e+04 3.940556e+04
2.266000e+01 1.558769e+04 3.951284e+04
2.267000e+01 1.552304e+04 3.962320e+04
2.268000e+01 1.546085e+04 3.973653e+04
2.269000e+01 1.540123e+04 3.985275e+04
2.270000e+01 1.534429e+04 3.997176e+04
2.271000e+01 1.529014e+04 4.009343e+04
2.272000e+01 1.523890e+04 4.021766e+04
2.273000e+01 1.519065e+04 4.034434e+04
2.274000e+01 1.514549e+04 4.047335e+04
2.275000e+01 1.510353e+04 4.060456e+04
2.276000e+01 1.506483e+04 4.073785e+04
2.277000e+01 1.502949e+04 4.087309e+04
2.278000e+01 1.499757e+04 4.101013e+04
2.279000e+01 1.496914e+04 4.114886e+04
2.280000e+01 1.494428e+04 4.128912e+04
2.281000e+01 1.492550e+04 4.143228e+04
2.282000e+01 1.491272e+04 4.157812e+04
2.283000e+01 1.490365e+04 4.172506e+04
2.284000e+01 1.489834e+04 4.187296e+04
2.285000e+01 1.489682e+04 4.202167e+04
2.286000e+01 1.489913e+04 4.217103e+04
2.287000e+01 1.490529e+04 4.232091e+04
2.288000e+01 1.491530e+04 4.247113e+04
2.289000e+01 1.492919e+04 4.262156e+04
2.290000e+01 1.494697e+04 4.277204e+04
2.291000e+01 1.496861e+04 4.292241e+04
2.292000e+01 1.499412e+04 4.307252e+04
2.293000e+01 1.502349e+04 4.322223e+04
2.294000e+01 1.505668e+04 4.337136e+04
2.295000e+01 1.509369e+04 4.351979e+04
2.296000e+01 1.513447e+04 4.366736e+04
2.297000e+01 1.517898e+04 4.381390e+04
2.298000e+01 1.522719e+04 4.395930e+04
2.299000e+01 1.527903e+04 4.410338e+04
2.300000e+01 1.533446e+04 4.424603e+04
2.301000e+01 1.539341e+04 4.438709e+04
2.302000e+01 1.545582e+04 4.452641e+04
2.303000e+01 1.552160e+04 4.466389e+04
2.304000e+01 1.559069e+04 4.479939e+04
2.305000e+01 1.566300e+04 4.493275e+04
2.306000e+01 1.573844e+04 4.506388e+04
2.307000e+01 1.582671e+04 4.519335e+04
2.308000e+01 1.591911e+04 4.532042e+04
2.309000e+01 1.601434e+04 4.544490e+04
2.310000e+01 1.611230e+04 4.556667e+04
2.311000e+01 1.621288e+04 4.568564e+04
2.312000e+01 1.631596e+04 4.580171e+04
2.313000e+01 1.642143e+04 4.591478e+04
2.314000e+01 1.652915e+04 4.602476e+04
2.315000e+01 1.663900e+04 4.613157e+04
2.316000e+01 1.675086e+04 4.623512e+04
2.317000e+01 1.686458e+04 4.633536e+04
2.318000e+01 1.698004e+04 4.643220e+04
2.319000e+01 1.709709e+04 4.652557e+04
2.320000e+01 1.721556e+04 4.661540e+04
2.321000e+01 1.733532e+04 4.670164e+04
2.322000e+01 1.745625e+04 4.678426e+04
2.323000e+01 1.757820e+04 4.686324e+04
2.324000e+01 1.770102e+04 4.693854e+04
2.325000e+01 1.782457e+04 4.701011e+04
2.326000e+01 1.794869e+04 4.707797e+04
2.327000e+01 1.807323e+04 4.714207e+04
2.328000e+01 1.819805e+04 4.720240e+04
2.329000e+01 1.832300e+04 4.725898e+04
2.330000e+01 1.844792e+04 4.731181e+04
2.331000e+01 1.857266e+04 4.736087e+04
2.332000e+01 1.870081e+04 4.740403e+04
2.333000e+01 1.883869e+04 4.743754e+04
2.334000e+01 1.897595e+04 4.746735e+04
2.335000e+01 1.911244e+04 4.749352e+04
2.336000e+01 1.924801e+04 4.751608e+04
2.337000e+01 1.938253e+04 4.753506e+04
2.338000e+01 1.951584e+04 4.755052e+04
2.339000e+01 1.964783e+04 4.756253e+04
2.340000e+01 1.977834e+04 4.757112e+04
2.341000e+01 1.990724e+04 4.757639e+04
2.342000e+01 2.003441e+04 4.757840e+04
2.343000e+01 2.015972e+04 4.757722e+04
2.344000e+01 2.028304e+04 4.757294e+04
2.345000e+01 2.040426e+04 4.756565e+04
2.346000e+01 2.052326e+04 4.755543e+04
2.347000e+01 2.063992e+04 4.754239e+04
2.348000e+01 2.075414e+04 4.752662e+04
2.349000e+01 2.086581e+04 4.750823e+04
2.350000e+01 2.097485e+04 4.748734e+04
2.351000e+01 2.108114e+04 4.746405e+04
2.352000e+01 2.118460e+04 4.743846e+04
2.353000e+01 2.128516e+04 4.741073e+04
2.354000e+01 2.138272e+04 4.738096e+04
2.355000e+01 2.147721e+04 4.734927e+04
2.356000e+01 2.156857e+04 4.731580e+04
2.357000e+01 2.165672e+04 4.728067e+04
2.358000e+01 2.174662e+04 4.723192e+04
2.359000e+01 2.183597e+04 4.717511e+04
2.360000e+01 2.192195e+04 4.711706e+04
2.361000e+01 2.200454e+04 4.705790e+04
2.362000e+01 2.208370e+04 4.699778e+04
2.363000e+01 2.215939e+04 4.693684e+04
2.364000e+01 2.223160e+04 4.687521e+04
2.365000e+01 2.230031e+04 4.681305e+04
2.366000e+01 2.236550e+04 4.675049e+04
2.367000e+01 2.242717e+04 4.668768e+04
2.368000e+01 2.248532e+04 4.662477e+04
2.369000e+01 2.253996e+04 4.656189e+04
2.370000e+01 2.259110e+04 4.649919e+04
2.371000e+01 2.263875e+04 4.643682e+04
2.372000e+01 2.268295e+04 4.637490e+04
2.373000e+01 2.272371e+04 4.631359e+04
2.374000e+01 2.276108e+04 4.625301e+04
2.375000e+01 2.279509e+04 4.619330e+04
2.376000e+01 2.282580e+04 4.613460e+04
2.377000e+01 2.285325e+04 4.607704e+04
2.378000e+01 2.287750e+04 4.602075e+04
2.379000e+01 2.289862e+04 4.596586e+04
2.380000e+01 2.291666e+04 4.591248e+04
2.381000e+01 2.293170e+04 4.586074e+04
2.382000e+01 2.294383e+04 4.581075e+04
2.383000e+01 2.295296e+04 4.576215e+04
2.384000e+01 2.295232e+04 4.569390e+04
2.385000e+01 2.294903e+04 4.562773e+04
2.386000e+01 2.294317e+04 4.556375e+04
2.387000e+01 2.293484e+04 4.550204e+04
2.388000e+01 2.292414e+04 4.544272e+04
2.389000e+01 2.291118e+04 4.538585e+04
2.390000e+01 2.289607e+04 4.533153e+04
2.391000e+01 2.287893e+04 4.527984e+04
2.392000e+01 2.285985e+04 4.523085e+04
2.393000e+01 2.283898e+04 4.518463e+04
2.394000e+01 2.281642e+04 4.514124e+04
2.395000e+01 2.279231e+04 4.510074e+04
2.396000e+01 2.276671e+04 4.506314e+04
2.397000e+01 2.273980e+04 4.502852e+04
2.398000e+01 2.271169e+04 4.499693e+04
2.399000e+01 2.268255e+04 4.496841e+04
2.400000e+01 2.265247e+04 4.494299e+04
2.401000e+01 2.262163e+04 4.492070e+04
2.402000e+01 2.259012e+04 4.490155e+04
2.403000e+01 2.255811e+04 4.488557e+04
2.404000e+01 2.252570e+04 4.487275e+04
2.405000e+01 2.249305e+04 4.486311e+04
2.406000e+01 2.246027e+04 4.485663e+04
2.407000e+01 2.242751e+04 4.485331e+04
2.408000e+01 2.239490e+04 4.485314e+04
2.409000e+01 2.235372e+04 4.485142e+04
2.410000e+01 2.229958e+04 4.484572e+04
2.411000e+01 2.224599e+04 4.484310e+04
2.412000e+01 2.219305e+04 4.484351e+04
2.413000e+01 2.214089e+04 4.484690e+04
2.414000e+01 2.208965e+04 4.485324e+04
2.415000e+01 2.203945e+04 4.486247e+04
2.416000e+01 2.199039e+04 4.487453e+04
2.417000e+01 2.194259e+04 4.488936e+04
2.418000e+01 2.189618e+04 4.490691e+04
2.419000e+01 2.185123e+04 4.492707e+04
2.420000e+01 2.180787e+04 4.494980e+04
2.421000e+01 2.176622e+04 4.497501e+04
2.422000e+01 2.172635e+04 4.500260e+04
2.423000e+01 2.168835e+04 4.503251e+04
2.424000e+01 2.165233e+04 4.506462e+04
2.425000e+01 2.161836e+04 4.509884e+04
2.426000e+01 2.158655e+04 4.513509e+04
2.427000e+01 2.155693e+04 4.517326e+04
2.428000e+01 2.152960e+04 4.521323e+04
2.429000e+01 2.150463e+04 4.525489e+04
2.430000e+01 2.148209e+04 4.529815e+04
2.431000e+01 2.146200e+04 4.534289e+04
2.432000e+01 2.144444e+04 4.538897e+04
2.433000e+01 2.142946e+04 4.543631e+04
2.434000e+01 2.141710e+04 4.548477e+04
2.435000e+01 2.138775e+04 4.554159e+04
2.436000e+01 2.135538e+04 4.560143e+04
2.437000e+01 2.132571e+04 4.566203e+04
2.438000e+01 2.129877e+04 4.572326e+04
2.439000e+01 2.127458e+04 4.578500e+04
2.440000e+01 2.125313e+04 4.584712e+04
2.441000e+01 2.123443e+04 4.590950e+04
2.442000e+01 2.121850e+04 4.597200e+04
2.443000e+01 2.120529e+04 4.603452e+04
2.444000e+01 2.119481e+04 4.609692e+04
2.445000e+01 2.118706e+04 4.615907e+04
2.446000e+01 2.118199e+04 4.622087e+04
2.447000e+01 2.117956e+04 4.628218e+04
2.448000e+01 2.117977e+04 4.634289e+04
2.449000e+01 2.118256e+04 4.640288e+04
2.450000e+01 2.118788e+04 4.646203e+04
2.451000e+01 2.119570e+04 4.652024e+04
2.452000e+01 2.120594e+04 4.657739e+04
2.453000e+01 2.121855e+04 4.663337e+04
2.454000e+01 2.123347e+04 4.668808e+04
2.455000e+01 2.125064e+04 4.674142e+04
2.456000e+01 2.126996e+04 4.679328e+04
2.457000e+01 2.129136e+04 4.684357e+04
2.458000e+01 2.131479e+04 4.689221e+04
2.459000e+01 2.134012e+04 4.693909e+04
2.460000e+01 2.136581e+04 4.698857e+04
2.461000e+01 2.138497e+04 4.706090e+04
2.462000e+01 2.140577e+04 4.713125e+04
2.463000e+01 2.142810e+04 4.719955e+04
2.464000e+01 2.145188e+04 4.726571e+04
2.465000e+01 2.147697e+04 4.732969e+04
2.466000e+01 2.150329e+04 4.739143e+04
2.467000e+01 2.153071e+04 4.745087e+04
2.468000e+01 2.155914e+04 4.750797e+04
2.469000e+01 2.158843e+04 4.756268e+04
2.470000e+01 2.161849e+04 4.761498e+04
2.471000e+01 2.164919e+04 4.766483e+04
2.472000e+01 2.168041e+04 4.771219e+04
2.473000e+01 2.171204e+04 4.775705e+04
2.474000e+01 2.174395e+04 4.779940e+04
2.475000e+01 2.177594e+04 4.783917e+04
2.476000e+01 2.180798e+04 4.787641e+04
2.477000e+01 2.183993e+04 4.791112e+04
2.478000e+01 2.187167e+04 4.794331e+04
2.479000e+01 2.190307e+04 4.797300e+04
2.480000e+01 2.193401e+04 4.800020e+04
2.481000e+01 2.196438e+04 4.802494e+04
2.482000e+01 2.199405e+04 4.804724e+04
2.483000e+01 2.202290e+04 4.806714e+04
2.484000e+01 2.205082e+04 4.808468e+04
2.485000e+01 2.207768e+04 4.809990e+04
2.486000e+01 2.211365e+04 4.812983e+04
2.487000e+01 2.215751e+04 4.817274e+04
2.488000e+01 2.219999e+04 4.821350e+04
2.489000e+01 2.224097e+04 4.825216e+04
2.490000e+01 2.228037e+04 4.828882e+04
2.491000e+01 2.231808e+04 4.832353e+04
2.492000e+01 2.235400e+04 4.835638e+04
2.493000e+01 2.238803e+04 4.838745e+04
2.494000e+01 2.242009e+04 4.841683e+04
2.495000e+01 2.245009e+04 4.844461e+04
2.496000e+01 2.247796e+04 4.847089e+04
2.497000e+01 2.250360e+04 4.849576e+04
2.498000e+01 2.252696e+04 4.851933e+04
2.499000e+01 2.254796e+04 4.854170e+04
2.500000e+01 2.256654e+04 4.856298e+04
2.501000e+01 2.258264e+04 4.858329e+04
2.502000e+01 2.259619e+04 4.860275e+04
2.503000e+01 2.260717e+04 4.862145e+04
2.504000e+01 2.261551e+04 4.863954e+04
2.505000e+01 2.262119e+04 4.865712e+04
2.506000e+01 2.262417e+04 4.867434e+04
2.507000e+01 2.262443e+04 4.869129e+04
2.508000e+01 2.262192e+04 4.870813e+04
2.509000e+01 2.261665e+04 4.872496e+04
2.510000e+01 2.260861e+04 4.874192e+04
2.511000e+01 2.259778e+04 4.875915e+04
2.512000e+01 2.262577e+04 4.878663e+04
2.513000e+01 2.265539e+04 4.881566e+04
2.514000e+01 2.268225e+04 4.884534e+04
2.515000e+01 2.270635e+04 4.887581e+04
2.516000e+01 2.272773e+04 4.890719e+04
2.517000e+01 2.274641e+04 4.893960e+04
2.518000e+01 2.276243e+04 4.897318e+04
2.519000e+01 2.277583e+04 4.900804e+04
2.520000e+01 2.278666e+04 4.904430e+04
2.521000e+01 2.279495e+04 4.908211e+04
2.522000e+01 2.280078e+04 4.912158e+04
2.523000e+01 2.280421e+04 4.916281e+04
2.524000e+01 2.280529e+04 4.920594e+04
2.525000e+01 2.280410e+04 4.925106e+04
2.526000e+01 2.280073e+04 4.929830e+04
2.527000e+01 2.279525e+04 4.934774e+04
2.528000e+01 2.278774e+04 4.939951e+04
2.529000e+01 2.277830e+04 4.945370e+04
2.530000e+01 2.276704e+04 4.951040e+04
2.531000e+01 2.275404e+04 4.956971e+04
2.532000e+01 2.273942e+04 4.963172e+04
2.533000e+01 2.272328e+04 4.969650e+04
2.534000e+01 2.270572e+04 4.976413e+04
2.535000e+01 2.268688e+04 4.983470e+04
2.536000e+01 2.266686e+04 4.990826e+04
2.537000e+01 2.266033e+04 4.997710e+04
2.538000e+01 2.269005e+04 5.002915e+04
2.539000e+01 2.271900e+04 5.008437e+04
2.540000e+01 2.274726e+04 5.014281e+04
2.541000e+01 2.277500e+04 5.020452e+04
2.542000e+01 2.280234e+04 5.026953e+04
2.543000e+01 2.282940e+04 5.033788e+04
2.544000e+01 2.285636e+04 5.040957e+04
2.545000e+01 2.288334e+04 5.048466e+04
2.546000e+01 2.291047e+04 5.056313e+04
2.547000e+01 2.293790e+04 5.064501e+04
2.548000e+01 2.296578e+04 5.073028e+04
2.549000e+01 2.299423e+04 5.081895e+04
2.550000e+01 2.302342e+04 5.091102e+04
2.551000e+01 2.305347e+04 5.100645e+04
2.552000e+01 2.308455e+04 5.110522e+04
2.553000e+01 2.311677e+04 5.120732e+04
2.554000e+01 2.315028e+04 5.131270e+04
2.555000e+01 2.318523e+04 5.142132e+04
2.556000e+01 2.322169e+04 5.153308e+04
2.557000e+01 2.325987e+04 5.164798e+04
2.558000e+01 2.329987e+04 5.176597e+04
2.559000e+01 2.334185e+04 5.188699e+04
2.560000e+01 2.338594e+04 5.201094e+04
2.561000e+01 2.343225e+04 5.213777e+04
2.562000e+01 2.348092e+04 5.226741e+04
2.563000e+01 2.355031e+04 5.235733e+04
2.564000e+01 2.363182e+04 5.242778e+04
2.565000e+01 2.371601e+04 5.250076e+04
2.566000e+01 2.380303e+04 5.257616e+04
2.567000e+01 2.389296e+04 5.265386e+04
2.568000e+01 2.398591e+04 5.273377e+04
2.569000e+01 2.408197e+04 5.281577e+04
2.570000e+01 2.418123e+04 5.289973e+04
2.571000e+01 2.428380e+04 5.298554e+04
2.572000e+01 2.438973e+04 5.307306e+04
2.573000e+01 2.449912e+04 5.316217e+04
2.574000e+01 2.461202e+04 5.325272e+04
2.575000e+01 2.472853e+04 5.334460e+04
2.576000e+01 2.484867e+04 5.343764e+04
2.577000e+01 2.497252e+04 5.353171e+04
2.578000e+01 2.510011e+04 5.362667e+04
2.579000e+01 2.523151e+04 5.372236e+04
2.580000e+01 2.536674e+04 5.381863e+04
2.581000e+01 2.550583e+04 5.391534e+04
2.582000e+01 2.564879e+04 5.401234e+04
2.583000e+01 2.579568e+04 5.410946e+04
2.584000e+01 2.594647e+04 5.420655e+04
2.585000e+01 2.610118e+04 5.430345e+04
2.586000e+01 2.625980e+04 5.440001e+04
2.587000e+01 2.642234e+04 5.449607e+04
2.588000e+01 2.658814e+04 5.458878e+04
2.589000e+01 2.674006e+04 5.460496e+04
2.590000e+01 2.689582e+04 5.462016e+04
2.591000e+01 2.705540e+04 5.463425e+04
2.592000e+01 2.721875e+04 5.464707e+04
2.593000e+01 2.738582e+04 5.465845e+04
2.594000e+01 2.755656e+04 5.466826e+04
2.595000e+01 2.773092e+04 5.467635e+04
2.596000e+01 2.790883e+04 5.468256e+04
2.597000e+01 2.809020e+04 5.468676e+04
2.598000e+01 2.827497e+04 5.468881e+04
2.599000e+01 2.846304e+04 5.468856e+04
2.600000e+01 2.865434e+04 5.468589e+04
2.601000e+01 2.884877e+04 5.468067e+04
2.602000e+01 2.904622e+04 5.467276e+04
2.603000e+01 2.924660e+04 5.466205e+04
2.604000e+01 2.944978e+04 5.464841e+04
2.605000e+01 2.965564e+04 5.463174e+04
2.606000e+01 2.986409e+04 5.461192e+04
2.607000e+01 3.007498e+04 5.458884e+04
2.608000e+01 3.028819e+04 5.456243e+04
2.609000e+01 3.050357e+04 5.453256e+04
2.610000e+01 3.072100e+04 5.449916e+04
2.611000e+01 3.094033e+04 5.446214e+04
2.612000e+01 3.116141e+04 5.442143e+04
2.613000e+01 3.138409e+04 5.437695e+04
2.614000e+01 3.158110e+04 5.430446e+04
2.615000e+01 3.174046e+04 5.419341e+04
2.616000e+01 3.190096e+04 5.407841e+04
2.617000e+01 3.206244e+04 5.395943e+04
2.618000e+01 3.222475e+04 5.383641e+04
2.619000e+01 3.238770e+04 5.370934e+04
2.620000e+01 3.255115e+04 5.357817e+04
2.621000e+01 3.271492e+04 5.344291e+04
2.622000e+01 3.287884e+04 5.330351e+04
2.623000e+01 3.304275e+04 5.315999e+04
2.624000e+01 3.320648e+04 5.301234e+04
2.625000e+01 3.336987e+04 5.286057e+04
2.626000e+01 3.353274e+04 5.270470e+04
2.627000e+01 3.369492e+04 5.254474e+04
2.628000e+01 3.385624e+04 5.238074e+04
2.629000e+01 3.401655e+04 5.221272e+04
2.630000e+01 3.417567e+04 5.204071e+04
2.631000e+01 3.433346e+04 5.186478e+04
2.632000e+01 3.448972e+04 5.168497e+04
2.633000e+01 3.464432e+04 5.150136e+04
2.634000e+01 3.479710e+04 5.131400e+04
2.635000e+01 3.494789e+04 5.112298e+04
2.636000e+01 3.509656e+04 5.092837e+04
2.637000e+01 3.524296e+04 5.073028e+04
2.638000e+01 3.538693e+04 5.052878e+04
2.639000e+01 3.552833e+04 5.032396e+04
2.640000e+01 3.559419e+04 5.010629e+04
2.641000e+01 3.563758e+04 4.988292e+04
2.642000e+01 3.567800e+04 4.965659e+04
2.643000e+01 3.571534e+04 4.942742e+04
2.644000e+01 3.574948e+04 4.919552e+04
2.645000e+01 3.578031e+04 4.896105e+04
2.646000e+01 3.580772e+04 4.872412e+04
2.647000e+01 3.583160e+04 4.848488e+04
2.648000e+01 3.585187e+04 4.824349e+04
2.649000e+01 3.586843e+04 4.800008e+04
2.650000e+01 3.588119e+04 4.775482e+04
2.651000e+01 3.589008e+04 4.750785e+04
2.652000e+01 3.589503e+04 4.725934e+04
2.653000e+01 3.589596e+04 4.700946e+04
2.654000e+01 3.589283e+04 4.675836e+04
2.655000e+01 3.588557e+04 4.650622e+04
2.656000e+01 3.587415e+04 4.625321e+04
2.657000e+01 3.585854e+04 4.599950e+04
2.658000e+01 3.583868e+04 4.574526e+04
2.659000e+01 3.581457e+04 4.549067e+04
2.660000e+01 3.578617e+04 4.523591e+04
2.661000e+01 3.575350e+04 4.498115e+04
2.662000e+01 3.571653e+04 4.472658e+04
2.663000e+01 3.567528e+04 4.447236e+04
2.664000e+01 3.562976e+04 4.421868e+04
2.665000e+01 3.556608e+04 4.397249e+04
2.666000e+01 3.542722e+04 4.376173e+04
2.667000e+01 3.528417e+04 4.355204e+04
2.668000e+01 3.513696e+04 4.334359e+04
2.669000e+01 3.498566e+04 4.313655e+04
2.670000e+01 3.483030e+04 4.293110e+04
2.671000e+01 3.467095e+04 4.272740e+04
2.672000e+01 3.450770e+04 4.252563e+04
2.673000e+01 3.434059e+04 4.232593e+04
2.674000e+01 3.416973e+04 4.212848e+04
2.675000e+01 3.399520e+04 4.193343e+04
2.676000e+01 3.381708e+04 4.174093e+04
2.677000e+01 3.363550e+04 4.155114e+04
2.678000e+01 3.345055e+04 4.136419e+04
2.679000e+01 3.326234e+04 4.118024e+04
2.680000e+01 3.307100e+04 4.099941e+04
2.681000e+01 3.287665e+04 4.082184e+04
2.682000e+01 3.267941e+04 4.064765e+04
2.683000e+01 3.247943e+04 4.047697e+04
2.684000e+01 3.227684e+04 4.030991e+04
2.685000e+01 3.207180e+04 4.014658e+04
2.686000e+01 3.186444e+04 3.998709e+04
2.687000e+01 3.165493e+04 3.983154e+04
2.688000e+01 3.144341e+04 3.968001e+04
2.689000e+01 3.123006e+04 3.953260e+04
2.690000e+01 3.101502e+04 3.938937e+04
2.691000e+01 3.077290e+04 3.929297e+04
2.692000e+01 3.050767e+04 3.923708e+04
2.693000e+01 3.024129e+04 3.918558e+04
2.694000e+01 2.997392e+04 3.913852e+04
2.695000e+01 2.970573e+04 3.909594e+04
2.696000e+01 2.943692e+04 3.905789e+04
2.697000e+01 2.916766e+04 3.902438e+04
2.698000e+01 2.889813e+04 3.899545e+04
2.699000e+01 2.862851e+04 3.897112e+04
2.700000e+01 2.835900e+04 3.895137e+04
2.701000e+01 2.808977e+04 3.893623e+04
2.702000e+01 2.782100e+04 3.892568e+04
2.703000e+01 2.755289e+04 3.891971e+04
2.704000e+01 2.728561e+04 3.891829e+04
2.705000e+01 2.701934e+04 3.892140e+04
2.706000e+01 2.675427e+04 3.892899e+04
2.707000e+01 2.649057e+04 3.894104e+04
2.708000e+01 2.622843e+04 3.895747e+04
2.709000e+01 2.596801e+04 3.897825e+04
2.710000e+01 2.570949e+04 3.900329e+04
2.711000e+01 2.545303e+04 3.903254e+04
2.712000e+01 2.519882e+04 3.906590e+04
2.713000e+01 2.494700e+04 3.910330e+04
2.714000e+01 2.469774e+04 3.914463e+04
2.715000e+01 2.445120e+04 3.918982e+04
2.716000e+01 2.420753e+04 3.923874e+04
2.717000e+01 2.396921e+04 3.937017e+04
2.718000e+01 2.373425e+04 3.951223e+04
2.719000e+01 2.350260e+04 3.965769e+04
2.720000e+01 2.327438e+04 3.980641e+04
2.721000e+01 2.304971e+04 3.995825e+04
2.722000e+01 2.282870e+04 4.011307e+04
2.723000e+01 2.261152e+04 4.027075e+04
2.724000e+01 2.239822e+04 4.043112e+04
2.725000e+01 2.218894e+04 4.059403e+04
2.726000e+01 2.198373e+04 4.075929e+04
2.727000e+01 2.178270e+04 4.092676e+04
2.728000e+01 2.158595e+04 4.109629e+04
2.729000e+01 2.139357e+04 4.126772e+04
2.730000e+01 2.120562e+04 4.144088e+04
2.731000e+01 2.102217e+04 4.161559e+04
2.732000e+01 2.084328e+04 4.179167e+04
2.733000e+01 2.066900e+04 4.196896e+04
2.734000e+01 2.049936e+04 4.214727e+04
2.735000e+01 2.033440e+04 4.232642e+04
2.736000e+01 2.017417e+04 4.250623e+04
2.737000e+01 2.001867e+04 4.268652e+04
2.738000e+01 1.986792e+04 4.286710e+04
2.739000e+01 1.972192e+04 4.304779e+04
2.740000e+01 1.958068e+04 4.322840e+04
2.741000e+01 1.944418e+04 4.340875e+04
2.742000e+01 1.932524e+04 4.360747e+04
2.743000e+01 1.924186e+04 4.385079e+04
2.744000e+01 1.916315e+04 4.409331e+04
2.745000e+01 1.908908e+04 4.433484e+04
2.746000e+01 1.901958e+04 4.457522e+04
2.747000e+01 1.895463e+04 4.481425e+04
2.748000e+01 1.889415e+04 4.505178e+04
2.749000e+01 1.883809e+04 4.528763e+04
2.750000e+01 1.878635e+04 4.552163e+04
2.751000e+01 1.873887e+04 4.575363e+04
2.752000e+01 1.869555e+04 4.598345e+04
2.753000e+01 1.865631e+04 4.621095e+04
2.754000e+01 1.862104e+04 4.643596e+04
2.755000e+01 1.858964e+04 4.665835e+04
2.756000e+01 1.856198e+04 4.687798e+04
2.757000e+01 1.853798e+04 4.709469e+04
2.758000e+01 1.851748e+04 4.730836e+04
2.759000e+01 1.850038e+04 4.751885e+04
2.760000e+01 1.848651e+04 4.772606e+04
2.761000e+01 1.847577e+04 4.792986e+04
2.762000e+01 1.846800e+04 4.813013e+04
2.763000e+01 1.846306e+04 4.832678e+04
2.764000e+01 1.846079e+04 4.851970e+04
2.765000e+01 1.846104e+04 4.870881e+04
2.766000e+01 1.846364e+04 4.889402e+04
2.767000e+01 1.846845e+04 4.907523e+04
2.768000e+01 1.851668e+04 4.926997e+04
2.769000e+01 1.858714e+04 4.946922e+04
2.770000e+01 1.865930e+04 4.966430e+04
2.771000e+01 1.873298e+04 4.985513e+04
2.772000e+01 1.880801e+04 5.004171e+04
2.773000e+01 1.888423e+04 5.022397e+04
2.774000e+01 1.896144e+04 5.040189e+04
2.775000e+01 1.903948e+04 5.057546e+04
2.776000e+01 1.911817e+04 5.074466e+04
2.777000e+01 1.919732e+04 5.090946e+04
2.778000e+01 1.927677e+04 5.106989e+04
2.779000e+01 1.935634e+04 5.122594e+04
2.780000e+01 1.943584e+04 5.137764e+04
2.781000e+01 1.951510e+04 5.152499e+04
2.782000e+01 1.959396e+04 5.166804e+04
2.783000e+01 1.967223e+04 5.180683e+04
2.784000e+01 1.974974e+04 5.194139e+04
2.785000e+01 1.982633e+04 5.207177e+04
2.786000e+01 1.990183e+04 5.219804e+04
2.787000e+01 1.997609e+04 5.232026e+04
2.788000e+01 2.004892e+04 5.243850e+04
2.789000e+01 2.012019e+04 5.255285e+04
2.790000e+01 2.018974e+04 5.266337e+04
2.791000e+01 2.025742e+04 5.277018e+04
2.792000e+01 2.032308e+04 5.287335e+04
2.793000e+01 2.038915e+04 5.297254e+04
2.794000e+01 2.050514e+04 5.305898e+04
2.795000e+01 2.061871e+04 5.314211e+04
2.796000e+01 2.072972e+04 5.322207e+04
2.797000e+01 2.083807e+04 5.329896e+04
2.798000e+01 2.094363e+04 5.337293e+04
2.799000e+01 2.104630e+04 5.344410e+04
2.800000e+01 2.114597e+04 5.351262e+04
2.801000e+01 2.124255e+04 5.357863e+04
2.802000e+01 2.133595e+04 5.364228e+04
2.803000e+01 2.142607e+04 5.370370e+04
2.804000e+01 2.151285e+04 5.376307e+04
2.805000e+01 2.159622e+04 5.382053e+04
2.806000e+01 2.167610e+04 5.387624e+04
2.807000e+01 2.175244e+04 5.393037e+04
2.808000e+01 2.182519e+04 5.398308e+04
2.809000e+01 2.189431e+04 5.403454e+04
2.810000e+01 2.195976e+04 5.408490e+04
2.811000e+01 2.202152e+04 5.413433e+04
2.812000e+01 2.207955e+04 5.418302e+04
2.813000e+01 2.213386e+04 5.423112e+04
2.814000e+01 2.218442e+04 5.427882e+04
2.815000e+01 2.223124e+04 5.432625e+04
2.816000e+01 2.227428e+04 5.437357e+04
2.817000e+01 2.231360e+04 5.442098e+04
2.818000e+01 2.234924e+04 5.446865e+04
2.819000e+01 2.239458e+04 5.450370e+04
2.820000e+01 2.245449e+04 5.452158e+04
2.821000e+01 2.251082e+04 5.454021e+04
2.822000e+01 2.256363e+04 5.455976e+04
2.823000e+01 2.261295e+04 5.458039e+04
2.824000e+01 2.265887e+04 5.460224e+04
2.825000e+01 2.270146e+04 5.462548e+04
2.826000e+01 2.274078e+04 5.465026e+04
2.827000e+01 2.277693e+04 5.467671e+04
2.828000e+01 2.280999e+04 5.470498e+04
2.829000e+01 2.284007e+04 5.473521e+04
2.830000e+01 2.286726e+04 5.476752e+04
2.831000e+01 2.289167e+04 5.480206e+04
2.832000e+01 2.291341e+04 5.483894e+04
2.833000e+01 2.293261e+04 5.487827e+04
2.834000e+01 2.294939e+04 5.492018e+04
2.835000e+01 2.296388e+04 5.496477e+04
2.836000e+01 2.297620e+04 5.501214e+04
2.837000e+01 2.298650e+04 5.506239e+04
2.838000e+01 2.299491e+04 5.511560e+04
2.839000e+01 2.300159e+04 5.517186e+04
2.840000e+01 2.300668e+04 5.523125e+04
2.841000e+01 2.301033e+04 5.529383e+04
2.842000e+01 2.301270e+04 5.535968e+04
2.843000e+01 2.301394e+04 5.542883e+04
2.844000e+01 2.301422e+04 5.550136e+04
2.845000e+01 2.301808e+04 5.555096e+04
2.846000e+01 2.302240e+04 5.559742e+04
2.847000e+01 2.302624e+04 5.564735e+04
2.848000e+01 2.302977e+04 5.570077e+04
2.849000e+01 2.303316e+04 5.575769e+04
2.850000e+01 2.303656e+04 5.581813e+04
2.851000e+01 2.304016e+04 5.588207e+04
2.852000e+01 2.304411e+04 5.594951e+04
2.853000e+01 2.304859e+04 5.602044e+04
2.854000e+01 2.305375e+04 5.609483e+04
2.855000e+01 2.305977e+04 5.617265e+04
2.856000e+01 2.306680e+04 5.625385e+04
2.857000e+01 2.307501e+04 5.633841e+04
2.858000e+01 2.308455e+04 5.642626e+04
2.859000e+01 2.309559e+04 5.651735e+04
2.860000e+01 2.310828e+04 5.661160e+04
2.861000e+01 2.312276e+04 5.670895e+04
2.862000e+01 2.313919e+04 5.680931e+04
2.863000e+01 2.315771e+04 5.691261e+04
2.864000e+01 2.317846e+04 5.701874e+04
2.865000e+01 2.320157e+04 5.712761e+04
2.866000e+01 2.322719e+04 5.723912e+04
2.867000e+01 2.325543e+04 5.735314e+04
2.868000e+01 2.328643e+04 5.746959e+04
2.869000e+01 2.332029e+04 5.758831e+04
2.870000e+01 2.335494e+04 5.770551e+04
2.871000e+01 2.338252e+04 5.780760e+04
2.872000e+01 2.341328e+04 5.791158e+04
2.873000e+01 2.344731e+04 5.801731e+04
2.874000e+01 2.348472e+04 5.812463e+04
2.875000e+01 2.352558e+04 5.823342e+04
2.876000e+01 2.356996e+04 5.834352e+04
2.877000e+01 2.361794e+04 5.845476e+04
2.878000e+01 2.366958e+04 5.856699e+04
2.879000e+01 2.372493e+04 5.868004e+04
2.880000e+01 2.378404e+04 5.879376e+04
2.881000e+01 2.384695e+04 5.890797e+04
2.882000e+01 2.391369e+04 5.902250e+04
2.883000e+01 2.398430e+04 5.913720e+04
2.884000e+01 2.405878e+04 5.925188e+04
2.885000e+01 2.413715e+04 5.936637e+04
2.886000e+01 2.421941e+04 5.948051e+04
2.887000e+01 2.430557e+04 5.959411e+04
2.888000e+01 2.439559e+04 5.970701e+04
2.889000e+01 2.448948e+04 5.981903e+04
2.890000e+01 2.458720e+04 5.992999e+04
2.891000e+01 2.468871e+04 6.003974e+04
2.892000e+01 2.479397e+04 6.014810e+04
2.893000e+01 2.490294e+04 6.025490e+04
2.894000e+01 2.501556e+04 6.035998e+04
2.895000e+01 2.513176e+04 6.046317e+04
2.896000e+01 2.524200e+04 6.056221e+04
2.897000e+01 2.534803e+04 6.065734e+04
2.898000e+01 2.545741e+04 6.075011e+04
2.899000e+01 2.557005e+04 6.084038e+04
2.900000e+01 2.568584e+04 6.092798e+04
2.901000e+01 2.580468e+04 6.101279e+04
2.902000e+01 2.592646e+04 6.109465e+04
2.903000e+01 2.605106e+04 6.117346e+04
2.904000e+01 2.617835e+04 6.124905e+04
2.905000e+01 2.630822e+04 6.132132e+04
2.906000e+01 2.644051e+04 6.139016e+04
2.907000e+01 2.657510e+04 6.145544e+04
2.908000e+01 2.671178e+04 6.151701e+04
2.909000e+01 2.685046e+04 6.157482e+04
2.910000e+01 2.699097e+04 6.162878e+04
2.911000e+01 2.713317e+04 6.167880e+04
2.912000e+01 2.727688e+04 6.172480e+04
2.913000e+01 2.742195e+04 6.176670e+04
2.914000e+01 2.756819e+04 6.180445e+04
2.915000e+01 2.771545e+04 6.183799e+04
2.916000e+01 2.786353e+04 6.186726e+04
2.917000e+01 2.801227e+04 6.189221e+04
2.918000e+01 2.816149e+04 6.191282e+04
2.919000e+01 2.831099e+04 6.192905e+04
2.920000e+01 2.846060e+04 6.194088e+04
2.921000e+01 2.861014e+04 6.194832e+04
2.922000e+01 2.874955e+04 6.195996e+04
2.923000e+01 2.888776e+04 6.196785e+04
2.924000e+01 2.902535e+04 6.197133e+04
2.925000e+01 2.916210e+04 6.197045e+04
2.926000e+01 2.929785e+04 6.196520e+04
2.927000e+01 2.943241e+04 6.195565e+04
2.928000e+01 2.956560e+04 6.194183e+04
2.929000e+01 2.969722e+04 6.192380e+04
2.930000e+01 2.982711e+04 6.190159e+04
2.931000e+01 2.995508e+04 6.187531e+04
2.932000e+01 3.008097e+04 6.184501e+04
2.933000e+01 3.020459e+04 6.181077e+04
2.934000e+01 3.032578e+04 6.177269e+04
2.935000e+01 3.044438e+04 6.173087e+04
2.936000e+01 3.056022e+04 6.168540e+04
2.937000e+01 3.067315e+04 6.163642e+04
2.938000e+01 3.078302e+04 6.158402e+04
2.939000e+01 3.088967e+04 6.152834e+04
2.940000e+01 3.099297e+04 6.146950e+04
2.941000e+01 3.109277e+04 6.140766e+04
2.942000e+01 3.118896e+04 6.134295e+04
2.943000e+01 3.128140e+04 6.127552e+04
2.944000e+01 3.136997e+04 6.120554e+04
2.945000e+01 3.145456e+04 6.113314e+04
2.946000e+01 3.153507e+04 6.105853e+04
2.947000e+01 3.161171e+04 6.098596e+04
2.948000e+01 3.168481e+04 6.092083e+04
2.949000e+01 3.175356e+04 6.085398e+04
2.950000e+01 3.181786e+04 6.078562e+04
2.951000e+01 3.187766e+04 6.071593e+04
2.952000e+01 3.193289e+04 6.064508e+04
2.953000e+01 3.198351e+04 6.057328e+04
2.954000e+01 3.202945e+04 6.050073e+04
2.955000e+01 3.207070e+04 6.042762e+04
2.956000e+01 3.210722e+04 6.035416e+04
2.957000e+01 3.213898e+04 6.028053e+04
2.958000e+01 3.216599e+04 6.020696e+04
2.959000e+01 3.218822e+04 6.013364e+04
2.960000e+01 3.220570e+04 6.006078e+04
2.961000e+01 3.221844e+04 5.998857e+04
2.962000e+01 3.222645e+04 5.991724e+04
2.963000e+01 3.222978e+04 5.984696e+04
2.964000e+01 3.222845e+04 5.977797e+04
2.965000e+01 3.222252e+04 5.971042e+04
2.966000e+01 3.221205e+04 5.964458e+04
2.967000e+01 3.219710e+04 5.958058e+04
2.968000e+01 3.217775e+04 5.951865e+04
2.969000e+01 3.215409e+04 5.945899e+04
2.970000e+01 3.212619e+04 5.940176e+04
2.971000e+01 3.209417e+04 5.934718e+04
2.972000e+01 3.205812e+04 5.929540e+04
2.973000e+01 3.202556e+04 5.925260e+04
2.974000e+01 3.199264e+04 5.921575e+04
2.975000e+01 3.195607e+04 5.918222e+04
2.976000e+01 3.191598e+04 5.915220e+04
2.977000e+01 3.187253e+04 5.912583e+04
2.978000e+01 3.182586e+04 5.910325e+04
2.979000e+01 3.177612e+04 5.908463e+04
2.980000e+01 3.172349e+04 5.907010e+04
2.981000e+01 3.166814e+04 5.905979e+04
2.982000e+01 3.161024e+04 5.905381e+04
2.983000e+01 3.154997e+04 5.905231e+04
2.984000e+01 3.148752e+04 5.905539e+04
2.985000e+01 3.142309e+04 5.906313e+04
2.986000e+01 3.135686e+04 5.907567e+04
2.987000e+01 3.128905e+04 5.909306e+04
2.988000e+01 3.121986e+04 5.911539e+04
2.989000e+01 3.114950e+04 5.914273e+04
2.990000e+01 3.107817e+04 5.917515e+04
2.991000e+01 3.100610e+04 5.921269e+04
2.992000e+01 3.093351e+04 5.925540e+04
2.993000e+01 3.086061e+04 5.930333e+04
2.994000e+01 3.078762e+04 5.935649e+04
2.995000e+01 3.071478e+04 5.941491e+04
2.996000e+01 3.064230e+04 5.947857e+04
2.997000e+01 3.057041e+04 5.954750e+04
2.998000e+01 3.050016e+04 5.962164e+04
2.999000e+01 3.044401e+04 5.970054e+04
3.000000e+01 3.038913e+04 5.978464e+04
3.001000e+01 3.033574e+04 5.987390e+04
3.002000e+01 3.028407e+04 5.996825e+04
3.003000e+01 3.023431e+04 6.006764e+04
3.004000e+01 3.018668e+04 6.017200e+04
3.005000e+01 3.014142e+04 6.028125e+04
3.006000e+01 3.009875e+04 6.039533e+04
3.007000e+01 3.005889e+04 6.051414e+04
3.008000e+01 3.002203e+04 6.063758e+04
3.009000e+01 2.998839e+04 6.076553e+04
3.010000e+01 2.995815e+04 6.089786e+04
3.011000e+01 2.993153e+04 6.103448e+04
3.012000e+01 2.990870e+04 6.117521e+04
3.013000e+01 2.988985e+04 6.131992e+04
3.014000e+01 2.987517e+04 6.146848e+04
3.015000e+01 2.986482e+04 6.162068e+04
3.016000e+01 2.985897e+04 6.177640e+04
3.017000e+01 2.985778e+04 6.193544e+04
3.018000e+01 2.986140e+04 6.209762e+04
3.019000e+01 2.986999e+04 6.226275e+04
3.020000e+01 2.988367e+04 6.243064e+04
3.021000e+01 2.990259e+04 6.260108e+04
3.022000e+01 2.992685e+04 6.277388e+04
3.023000e+01 2.995659e+04 6.294882e+04
3.024000e+01 2.999604e+04 6.312202e+04
3.025000e+01 3.004654e+04 6.329218e+04
3.026000e+01 3.010280e+04 6.346383e+04
3.027000e+01 3.016489e+04 6.363672e+04
3.028000e+01 3.023289e+04 6.381061e+04
3.029000e+01 3.030685e+04 6.398529e+04
3.030000e+01 3.038683e+04 6.416048e+04
3.031000e+01 3.047287e+04 6.433598e+04
3.032000e+01 3.056500e+04 6.451151e+04
3.033000e+01 3.066324e+04 6.468686e+04
3.034000e+01 3.076760e+04 6.486176e+04
3.035000e+01 3.087808e+04 6.503596e+04
3.036000e+01 3.099468e+04 6.520923e+04
3.037000e+01 3.111737e+04 6.538130e+04
3.038000e+01 3.124613e+04 6.555195e+04
3.039000e+01 3.138092e+04 6.572091e+04
3.040000e+01 3.152168e+04 6.588793e+04
3.041000e+01 3.166836e+04 6.605279e+04
3.042000e+01 3.182090e+04 6.621524e+04
3.043000e+01 3.197920e+04 6.637503e+04
3.044000e+01 3.214318e+04 6.653194e+04
3.045000e+01 3.231275e+04 6.668571e+04
3.046000e+01 3.248779e+04 6.683614e+04
3.047000e+01 3.266819e+04 6.698300e+04
3.048000e+01 3.285382e+04 6.712606e+04
3.049000e+01 3.304454e+04 6.726510e+04
3.050000e+01 3.324120e+04 6.739163e+04
3.051000e+01 3.344289e+04 6.751183e+04
3.052000e+01 3.364922e+04 6.762741e+04
3.053000e+01 3.386001e+04 6.773816e+04
3.054000e+01 3.407508e+04 6.784392e+04
3.055000e+01 3.429425e+04 6.794448e+04
3.056000e+01 3.451733e+04 6.803969e+04
3.057000e+01 3.474412e+04 6.812940e+04
3.058000e+01 3.497441e+04 6.821342e+04
3.059000e+01 3.520798e+04 6.829162e+04
3.060000e+01 3.544461e+04 6.836386e+04
3.061000e+01 3.568409e+04 6.843001e+04
3.062000e+01 3.592618e+04 6.848994e+04
3.063000e+01 3.617063e+04 6.854356e+04
3.064000e+01 3.641723e+04 6.859075e+04
3.065000e+01 3.666571e+04 6.863141e+04
3.066000e+01 3.691582e+04 6.866548e+04
3.067000e+01 3.716733e+04 6.869286e+04
3.068000e+01 3.741996e+04 6.871350e+04
3.069000e+01 3.767346e+04 6.872736e+04
3.070000e+01 3.792758e+04 6.873438e+04
3.071000e+01 3.818204e+04 6.873454e+04
3.072000e+01 3.843659e+04 6.872780e+04
3.073000e+01 3.869095e+04 6.871418e+04
3.074000e+01 3.894487e+04 6.869365e+04
3.075000e+01 3.919708e+04 6.866529e+04
3.076000e+01 3.944404e+04 6.862598e+04
3.077000e+01 3.968975e+04 6.857987e+04
3.078000e+01 3.993395e+04 6.852695e+04
3.079000e+01 4.017639e+04 6.846729e+04
3.080000e+01 4.041679e+04 6.840096e+04
3.081000e+01 4.065492e+04 6.832802e+04
3.082000e+01 4.089050e+04 6.824859e+04
3.083000e+01 4.112329e+04 6.816271e+04
3.084000e+01 4.135304e+04 6.807053e+04
3.085000e+01 4.157950e+04 6.797214e+04
3.086000e+01 4.180245e+04 6.786769e+04
3.087000e+01 4.202164e+04 6.775730e+04
3.088000e+01 4.223684e+04 6.764110e+04
3.089000e+01 4.244784e+04 6.751926e+04
3.090000e+01 4.265443e+04 6.739195e+04
3.091000e+01 4.285637e+04 6.725932e+04
3.092000e+01 4.305347e+04 6.712157e+04
3.093000e+01 4.324555e+04 6.697888e+04
3.094000e+01 4.343240e+04 6.683143e+04
3.095000e+01 4.361385e+04 6.667945e+04
3.096000e+01 4.378973e+04 6.652314e+04
3.097000e+01 4.395987e+04 6.636269e+04
3.098000e+01 4.412412e+04 6.619838e+04
3.099000e+01 4.428232e+04 6.603040e+04
3.100000e+01 4.443436e+04 6.585900e+04
3.101000e+01 4.457715e+04 6.568646e+04
3.102000e+01 4.471121e+04 6.551254e+04
3.103000e+01 4.483875e+04 6.533593e+04
3.104000e+01 4.495966e+04 6.515687e+04
3.105000e+01 4.507386e+04 6.497567e+04
3.106000e+01 4.518127e+04 6.479256e+04
3.107000e+01 4.528182e+04 6.460780e+04
3.108000e+01 4.537547e+04 6.442168e+04
3.109000e+01 4.546217e+04 6.423446e+04
3.110000e+01 4.554187e+04 6.404643e+04
3.111000e+01 4.561456e+04 6.385784e+04
3.112000e+01 4.568023e+04 6.366897e+04
3.113000e+01 4.573888e+04 6.348011e+04
3.114000e+01 4.579052e+04 6.329153e+04
3.115000e+01 4.583517e+04 6.310348e+04
3.116000e+01 4.587287e+04 6.291627e+04
3.117000e+01 4.590366e+04 6.273016e+04
3.118000e+01 4.592759e+04 6.254541e+04
3.119000e+01 4.594473e+04 6.236230e+04
3.120000e+01 4.595517e+04 6.218109e+04
3.121000e+01 4.595896e+04 6.200203e+04
3.122000e+01 4.595625e+04 6.182541e+04
3.123000e+01 4.594711e+04 6.165146e+04
3.124000e+01 4.593168e+04 6.148042e+04
3.125000e+01 4.591008e+04 6.131257e+04
3.126000e+01 4.588245e+04 6.114812e+04
3.127000e+01 4.585109e+04 6.099639e+04
3.128000e+01 4.581413e+04 6.084908e+04
3.129000e+01 4.577163e+04 6.070587e+04
3.130000e+01 4.572374e+04 6.056696e+04
3.131000e+01 4.567065e+04 6.043256e+04
3.132000e+01 4.561257e+04 6.030288e+04
3.133000e+01 4.554968e+04 6.017809e+04
3.134000e+01 4.548221e+04 6.005839e+04
3.135000e+01 4.541034e+04 5.994396e+04
3.136000e+01 4.533433e+04 5.983494e+04
3.137000e+01 4.525440e+04 5.973152e+04
3.138000e+01 4.517078e+04 5.963381e+04
3.139000e+01 4.508372e+04 5.954198e+04
3.140000e+01 4.499344e+04 5.945614e+04
3.141000e+01 4.490023e+04 5.937640e+04
3.142000e+01 4.480431e+04 5.930289e+04
3.143000e+01 4.470599e+04 5.923568e+04
3.144000e+01 4.460548e+04 5.917487e+04
3.145000e+01 4.450308e+04 5.912054e+04
3.146000e+01 4.439904e+04 5.907274e+04
3.147000e+01 4.429365e+04 5.903154e+04
3.148000e+01 4.418718e+04 5.899696e+04
3.149000e+01 4.407992e+04 5.896904e+04
3.150000e+01 4.397212e+04 5.894780e+04
3.151000e+01 4.386407e+04 5.893324e+04
3.152000e+01 4.376023e+04 5.892790e+04
3.153000e+01 4.366563e+04 5.893462e+04
3.154000e+01 4.357160e+04 5.894797e+04
3.155000e+01 4.347844e+04 5.896793e+04
3.156000e+01 4.338641e+04 5.899445e+04
3.157000e+01 4.329579e+04 5.902746e+04
3.158000e+01 4.320684e+04 5.906688e+04
3.159000e+01 4.311982e+04 5.911265e+04
3.160000e+01 4.303501e+04 5.916465e+04
3.161000e+01 4.295266e+04 5.922280e+04
3.162000e+01 4.287302e+04 5.928698e+04
3.163000e+01 4.279634e+04 5.935706e+04
3.164000e+01 4.272286e+04 5.943291e+04
3.165000e+01 4.265283e+04 5.951437e+04
3.166000e+01 4.258647e+04 5.960131e+04
3.167000e+01 4.252400e+04 5.969355e+04
3.168000e+01 4.246565e+04 5.979092e+04
3.169000e+01 4.241162e+04 5.989324e+04
3.170000e+01 4.236213e+04 6.000033e+04
3.171000e+01 4.231736e+04 6.011196e+04
3.172000e+01 4.227750e+04 6.022795e+04
3.173000e+01 4.224273e+04 6.034809e+04
3.174000e+01 4.221322e+04 6.047215e+04
3.175000e+01 4.218912e+04 6.059990e+04
3.176000e+01 4.217059e+04 6.073111e+04
3.177000e+01 4.215777e+04 6.086553e+04
3.178000e+01 4.216506e+04 6.100148e+04
3.179000e+01 4.218456e+04 6.113950e+04
3.180000e+01 4.221014e+04 6.128000e+04
3.181000e+01 4.224186e+04 6.142271e+04
3.182000e+01 4.227985e+04 6.156735e+04
3.183000e+01 4.232418e+04 6.171368e+04
3.184000e+01 4.237490e+04 6.186142e+04
3.185000e+01 4.243207e+04 6.201028e+04
3.186000e+01 4.249575e+04 6.216001e+04
3.187000e+01 4.256595e+04 6.231032e+04
3.188000e+01 4.264270e+04 6.246094e+04
3.189000e+01 4.272600e+04 6.261159e+04
3.190000e+01 4.281587e+04 6.276199e+04
3.191000e+01 4.291228e+04 6.291186e+04
3.192000e+01 4.301521e+04 6.306094e+04
3.193000e+01 4.312462e+04 6.320894e+04
3.194000e+01 4.324046e+04 6.335558e+04
3.195000e+01 4.336269e+04 6.350061e+04
3.196000e+01 4.349121e+04 6.364374e+04
3.197000e+01 4.362595e+04 6.378471e+04
3.198000e+01 4.376683e+04 6.392328e+04
3.199000e+01 4.391374e+04 6.405917e+04
3.200000e+01 4.406657e+04 6.419212e+04
3.201000e+01 4.422518e+04 6.432190e+04
3.202000e+01 4.438945e+04 6.444825e+04
3.203000e+01 4.456060e+04 6.456980e+04
3.204000e+01 4.475491e+04 6.467280e+04
3.205000e+01 4.495441e+04 6.477168e+04
3.206000e+01 4.515894e+04 6.486623e+04
3.207000e+01 4.536831e+04 6.495625e+04
3.208000e+01 4.558233e+04 6.504151e+04
3.209000e+01 4.580081e+04 6.512186e+04
3.210000e+01 4.602352e+04 6.519708e+04
3.211000e+01 4.625029e+04 6.526699e+04
3.212000e+01 4.648086e+04 6.533145e+04
3.213000e+01 4.671502e+04 6.539028e+04
3.214000e+01 4.695254e+04 6.544334e+04
3.215000e+01 4.719316e+04 6.549050e+04
3.216000e+01 4.743667e+04 6.553160e+04
3.217000e+01 4.768279e+04 6.556655e+04
3.218000e+01 4.793126e+04 6.559522e+04
3.219000e+01 4.818186e+04 6.561754e+04
3.220000e+01 4.843428e+04 6.563341e+04
3.221000e+01 4.868830e+04 6.564274e+04
3.222000e+01 4.894361e+04 6.564549e+04
3.223000e+01 4.919996e+04 6.564159e+04
3.224000e+01 4.945708e+04 6.563101e+04
3.225000e+01 4.971467e+04 6.561371e+04
3.226000e+01 4.997249e+04 6.558968e+04
3.227000e+01 5.023024e+04 6.555891e+04
3.228000e+01 5.048764e+04 6.552139e+04
3.229000e+01 5.074839e+04 6.546558e+04
3.230000e+01 5.101310e+04 6.538885e+04
3.231000e+01 5.127665e+04 6.530546e+04
3.232000e+01 5.153877e+04 6.521546e+04
3.233000e+01 5.179917e+04 6.511891e+04
3.234000e+01 5.205761e+04 6.501590e+04
3.235000e+01 5.231379e+04 6.490651e+04
3.236000e+01 5.256750e+04 6.479082e+04
3.237000e+01 5.281847e+04 6.466894e+04
3.238000e+01 5.306643e+04 6.454099e+04
3.239000e+01 5.331114e+04 6.440710e+04
3.240000e+01 5.355237e+04 6.426740e+04
3.241000e+01 5.378989e+04 6.412202e+04
3.242000e+01 5.402347e+04 6.397115e+04
3.243000e+01 5.425286e+04 6.381494e+04
3.244000e+01 5.447790e+04 6.365356e+04
3.245000e+01 5.469835e+04 6.348719e+04
3.246000e+01 5.491402e+04 6.331603e+04
3.247000e+01 5.512472e+04 6.314028e+04
3.248000e+01 5.533026e+04 6.296014e+04
3.249000e+01 5.553049e+04 6.277582e+04
3.250000e+01 5.572523e+04 6.258755e+04
3.251000e+01 5.591432e+04 6.239557e+04
3.252000e+01 5.609765e+04 6.220009e+04
3.253000e+01 5.627505e+04 6.200137e+04
3.254000e+01 5.644642e+04 6.179965e+04
3.255000e+01 5.660708e+04 6.157305e+04
3.256000e+01 5.676052e+04 6.133927e+04
3.257000e+01 5.690762e+04 6.110325e+04
3.258000e+01 5.704829e+04 6.086526e+04
3.259000e+01 5.718247e+04 6.062555e+04
3.260000e+01 5.731011e+04 6.038440e+04
3.261000e+01 5.743113e+04 6.014207e+04
3.262000e+01 5.754553e+04 5.989885e+04
3.263000e+01 5.765327e+04 5.965499e+04
3.264000e+01 5.775434e+04 5.941078e+04
3.265000e+01 5.784875e+04 5.916649e+04
3.266000e+01 5.793650e+04 5.892239e+04
3.267000e+01 5.801762e+04 5.867875e+04
3.268000e+01 5.809214e+04 5.843585e+04
3.269000e+01 5.816010e+04 5.819395e+04
3.270000e+01 5.822157e+04 5.795333e+04
3.271000e+01 5.827661e+04 5.771424e+04
3.272000e+01 5.832530e+04 5.747695e+04
3.273000e+01 5.836774e+04 5.724171e+04
3.274000e+01 5.840402e+04 5.700879e+04
3.275000e+01 5.843425e+04 5.677842e+04
3.276000e+01 5.845856e+04 5.655086e+04
3.277000e+01 5.847710e+04 5.632633e+04
3.278000e+01 5.848998e+04 5.610508e+04
3.279000e+01 5.849737e+04 5.588733e+04
3.280000e+01 5.849615e+04 5.566948e+04
3.281000e+01 5.847682e+04 5.544050e+04
3.282000e+01 5.845251e+04 5.521566e+04
3.283000e+01 5.842341e+04 5.499515e+04
3.284000e+01 5.838972e+04 5.477916e+04
3.285000e+01 5.835163e+04 5.456787e+04
3.286000e+01 5.830938e+04 5.436145e+04
3.287000e+01 5.826317e+04 5.416006e+04
3.288000e+01 5.821321e+04 5.396387e+04
3.289000e+01 5.815977e+04 5.377299e+04
3.290000e+01 5.810305e+04 5.358758e+04
3.291000e+01 5.804332e+04 5.340775e+04
3.292000e+01 5.798083e+04 5.323360e+04
3.293000e+01 5.791581e+04 5.306526e+04
3.294000e+01 5.784854e+04 5.290279e+04
3.295000e+01 5.777927e+04 5.274629e+04
3.296000e+01 5.770826e+04 5.259581e+04
3.297000e+01 5.763579e+04 5.245142e+04
3.298000e+01 5.756211e+04 5.231315e+04
3.299000e+01 5.748751e+04 5.218106e+04
3.300000e+01 5.741224e+04 5.205514e+04
3.301000e+01 5.733659e+04 5.193542e+04
3.302000e+01 5.726083e+04 5.182189e+04
3.303000e+01 5.718522e+04 5.171453e+04
3.304000e+01 5.711005e+04 5.161332e+04
3.305000e+01 5.703559e+04 5.151822e+04
3.306000e+01 5.695145e+04 5.142475e+04
3.307000e+01 5.686083e+04 5.133401e+04
3.308000e+01 5.677169e+04 5.124921e+04
3.309000e+01 5.668428e+04 5.117021e+04
3.310000e+01 5.659887e+04 5.109696e+04
3.311000e+01 5.651572e+04 5.102937e+04
3.312000e+01 5.643508e+04 5.096731e+04
3.313000e+01 5.635721e+04 5.091065e+04
3.314000e+01 5.628232e+04 5.085925e+04
3.315000e+01 5.621066e+04 5.081299e+04
3.316000e+01 5.614243e+04 5.077168e+04
3.317000e+01 5.607786e+04 5.073517e+04
3.318000e+01 5.601718e+04 5.070328e+04
3.319000e+01 5.596057e+04 5.067582e+04
3.320000e+01 5.590819e+04 5.065261e+04
3.321000e+01 5.586030e+04 5.063344e+04
3.322000e+01 5.581702e+04 5.061808e+04
3.323000e+01 5.577855e+04 5.060635e+04
3.324000e+01 5.574502e+04 5.059800e+04
3.325000e+01 5.571659e+04 5.059281e+04
3.326000e+01 5.569341e+04 5.059052e+04
3.327000e+01 5.567557e+04 5.059091e+04
3.328000e+01 5.566324e+04 5.059373e+04
3.329000e+01 5.565649e+04 5.059871e+04
3.330000e+01 5.565542e+04 5.060560e+04
3.331000e+01 5.566012e+04 5.061414e+04
3.332000e+01 5.565829e+04 5.062333e+04
3.333000e+01 5.566180e+04 5.063359e+04
3.334000e+01 5.567123e+04 5.064468e+04
3.335000e+01 5.568666e+04 5.065634e+04
3.336000e+01 5.570810e+04 5.066829e+04
3.337000e+01 5.573557e+04 5.068025e+04
3.338000e+01 5.576908e+04 5.069193e+04
3.339000e+01 5.580858e+04 5.070306e+04
3.340000e+01 5.585410e+04 5.071337e+04
3.341000e+01 5.590557e+04 5.072258e+04
3.342000e+01 5.596295e+04 5.073041e+04
3.343000e+01 5.602619e+04 5.073659e+04
3.344000e+01 5.609521e+04 5.074084e+04
3.345000e+01 5.616994e+04 5.074291e+04
3.346000e+01 5.625026e+04 5.074252e+04
3.347000e+01 5.633610e+04 5.073942e+04
3.348000e+01 5.642731e+04 5.073335e+04
3.349000e+01 5.652379e+04 5.072405e+04
3.350000e+01 5.662537e+04 5.071128e+04
3.351000e+01 5.673195e+04 5.069482e+04
3.352000e+01 5.684332e+04 5.067441e+04
3.353000e+01 5.695932e+04 5.064983e+04
3.354000e+01 5.707980e+04 5.062086e+04
3.355000e+01 5.720453e+04 5.058729e+04
3.356000e+01 5.733335e+04 5.054894e+04
3.357000e+01 5.746386e+04 5.050488e+04
3.358000e+01 5.759368e+04 5.045426e+04
3.359000e+01 5.772691e+04 5.039827e+04
3.360000e+01 5.786333e+04 5.033676e+04
3.361000e+01 5.800271e+04 5.026956e+04
3.362000e+01 5.814478e+04 5.019653e+04
3.363000e+01 5.828931e+04 5.011753e+04
3.364000e+01 5.843604e+04 5.003244e+04
3.365000e+01 5.858469e+04 4.994114e+04
3.366000e+01 5.873500e+04 4.984352e+04
3.367000e+01 5.888668e+04 4.973950e+04
3.368000e+01 5.903947e+04 4.962900e+04
3.369000e+01 5.919308e+04 4.951194e+04
3.370000e+01 5.934723e+04 4.938827e+04
3.371000e+01 5.950161e+04 4.925795e+04
3.372000e+01 5.965598e+04 4.912095e+04
3.373000e+01 5.980999e+04 4.897723e+04
3.374000e+01 5.996338e+04 4.882681e+04
3.375000e+01 6.011584e+04 4.866968e+04
3.376000e+01 6.026709e+04 4.850587e+04
3.377000e+01 6.041683e+04 4.833540e+04
3.378000e+01 6.056477e+04 4.815832e+04
3.379000e+01 6.071062e+04 4.797468e+04
3.380000e+01 6.085410e+04 4.778456e+04
3.381000e+01 6.099490e+04 4.758803e+04
3.382000e+01 6.113276e+04 4.738519e+04
3.383000e+01 6.126283e+04 4.716974e+04
3.384000e+01 6.138752e+04 4.694555e+04
3.385000e+01 6.150843e+04 4.671542e+04
3.386000e+01 6.162531e+04 4.647946e+04
3.387000e+01 6.173789e+04 4.623784e+04
3.388000e+01 6.184594e+04 4.599071e+04
3.389000e+01 6.194918e+04 4.573826e+04
3.390000e+01 6.204741e+04 4.548067e+04
3.391000e+01 6.214036e+04 4.521813e+04
3.392000e+01 6.222783e+04 4.495085e+04
3.393000e+01 6.230962e+04 4.467905e+04
3.394000e+01 6.238549e+04 4.440295e+04
3.395000e+01 6.245528e+04 4.412278e+04
3.396000e+01 6.251876e+04 4.383879e+04
3.397000e+01 6.257580e+04 4.355122e+04
3.398000e+01 6.262621e+04 4.326034e+04
3.399000e+01 6.266984e+04 4.296642e+04
3.400000e+01 6.270654e+04 4.266971e+04
3.401000e+01 6.273619e+04 4.237051e+04
3.402000e+01 6.275866e+04 4.206909e+04
3.403000e+01 6.277383e+04 4.176576e+04
3.404000e+01 6.278164e+04 4.146079e+04
3.405000e+01 6.278197e+04 4.115450e+04
3.406000e+01 6.277478e+04 4.084718e+04
3.407000e+01 6.275998e+04 4.053914e+04
3.408000e+01 6.273623e+04 4.022953e+04
3.409000e+01 6.269054e+04 3.990717e+04
3.410000e+01 6.263716e+04 3.958503e+04
3.411000e+01 6.257609e+04 3.926342e+04
3.412000e+01 6.250731e+04 3.894265e+04
3.413000e+01 6.243087e+04 3.862305e+04
3.414000e+01 6.234679e+04 3.830492e+04
3.415000e+01 6.225513e+04 3.798858e+04
3.416000e+01 6.215594e+04 3.767434e+04
3.417000e+01 6.204923e+04 3.736247e+04
3.418000e+01 6.193517e+04 3.705331e+04
3.419000e+01 6.181383e+04 3.674717e+04
3.420000e+01 6.168534e+04 3.644434e+04
3.421000e+01 6.154982e+04 3.614513e+04
3.422000e+01 6.140740e+04 3.584983e+04
3.423000e+01 6.125825e+04 3.555872e+04
3.424000e+01 6.110251e+04 3.527207e+04
3.425000e+01 6.094037e+04 3.499018e+04
3.426000e+01 6.077202e+04 3.471327e+04
3.427000e+01 6.059763e+04 3.444164e+04
3.428000e+01 6.041746e+04 3.417550e+04
3.429000e+01 6.023169e+04 3.391513e+04
3.430000e+01 6.004054e+04 3.366074e+04
3.431000e+01 5.984428e+04 3.341255e+04
3.432000e+01 5.964314e+04 3.317078e+04
3.433000e+01 5.943740e+04 3.293562e+04
3.434000e+01 5.921378e+04 3.270331e+04
3.435000e+01 5.897028e+04 3.247333e+04
3.436000e+01 5.872301e+04 3.225052e+04
3.437000e+01 5.847223e+04 3.203502e+04
3.438000e+01 5.821825e+04 3.182698e+04
3.439000e+01 5.796138e+04 3.162653e+04
3.440000e+01 5.770191e+04 3.143380e+04
3.441000e+01 5.744019e+04 3.124888e+04
3.442000e+01 5.717651e+04 3.107189e+04
3.443000e+01 5.691121e+04 3.090288e+04
3.444000e+01 5.664462e+04 3.074193e+04
3.445000e+01 5.637705e+04 3.058910e+04
3.446000e+01 5.610886e+04 3.044441e+04
3.447000e+01 5.584036e+04 3.030792e+04
3.448000e+01 5.557191e+04 3.017960e+04
3.449000e+01 5.530383e+04 3.005947e+04
3.450000e+01 5.503647e+04 2.994751e+04
3.451000e+01 5.477017e+04 2.984368e+04
3.452000e+01 5.450525e+04 2.974794e+04
3.453000e+01 5.424206e+04 2.966024e+04
3.454000e+01 5.398092e+04 2.958049e+04
3.455000e+01 5.372218e+04 2.950861e+04
3.456000e+01 5.346615e+04 2.944450e+04
3.457000e+01 5.321316e+04 2.938804e+04
3.458000e+01 5.296352e+04 2.933909e+04
3.459000e+01 5.271755e+04 2.929753e+04
3.460000e+01 5.244373e+04 2.927017e+04
3.461000e+01 5.216803e+04 2.925121e+04
3.462000e+01 5.189690e+04 2.923913e+04
3.463000e+01 5.163062e+04 2.923371e+04
3.464000e+01 5.136948e+04 2.923477e+04
3.465000e+01 5.111375e+04 2.924207e+04
3.466000e+01 5.086368e+04 2.925539e+04
3.467000e+01 5.061954e+04 2.927448e+04
3.468000e+01 5.038155e+04 2.929910e+04
3.469000e+01 5.014996e+04 2.932898e+04
3.470000e+01 4.992498e+04 2.936385e+04
3.471000e+01 4.970684e+04 2.940343e+04
3.472000e+01 4.949572e+04 2.944741e+04
3.473000e+01 4.929180e+04 2.949551e+04
3.474000e+01 4.909526e+04 2.954741e+04
3.475000e+01 4.890627e+04 2.960280e+04
3.476000e+01 4.872497e+04 2.966136e+04
3.477000e+01 4.855149e+04 2.972274e+04
3.478000e+01 4.838596e+04 2.978665e+04
3.479000e+01 4.822849e+04 2.985270e+04
3.480000e+01 4.807916e+04 2.992056e+04
3.481000e+01 4.793805e+04 2.998989e+04
3.482000e+01 4.780523e+04 3.006034e+04
3.483000e+01 4.768075e+04 3.013153e+04
3.484000e+01 4.756463e+04 3.020312e+04
3.485000e+01 4.744985e+04 3.028130e+04
3.486000e+01 4.731760e+04 3.038316e+04
3.487000e+01 4.719374e+04 3.048432e+04
3.488000e+01 4.707822e+04 3.058444e+04
3.489000e+01 4.697102e+04 3.068313e+04
3.490000e+01 4.687208e+04 3.078005e+04
3.491000e+01 4.678132e+04 3.087484e+04
3.492000e+01 4.669865e+04 3.096714e+04
3.493000e+01 4.662399e+04 3.105659e+04
3.494000e+01 4.655720e+04 3.114286e+04
3.495000e+01 4.649816e+04 3.122559e+04
3.496000e+01 4.644672e+04 3.130444e+04
3.497000e+01 4.640271e+04 3.137909e+04
3.498000e+01 4.636598e+04 3.144920e+04
3.499000e+01 4.633632e+04 3.151446e+04
3.500000e+01 4.631354e+04 3.157454e+04
3.501000e+01 4.629741e+04 3.162916e+04
3.502000e+01 4.628772e+04 3.167801e+04
3.503000e+01 4.628422e+04 3.172080e+04
3.504000e+01 4.628665e+04 3.175726e+04
3.505000e+01 4.629476e+04 3.178712e+04
3.506000e+01 4.630826e+04 3.181013e+04
3.507000e+01 4.632688e+04 3.182604e+04
3.508000e+01 4.635030e+04 3.183461e+04
3.509000e+01 4.637822e+04 3.183563e+04
3.510000e+01 4.641034e+04 3.182889e+04
3.511000e+01 4.643875e+04 3.184159e+04
3.512000e+01 4.646546e+04 3.186511e+04
3.513000e+01 4.649535e+04 3.188032e+04
3.514000e+01 4.652806e+04 3.188706e+04
3.515000e+01 4.656326e+04 3.188521e+04
3.516000e+01 4.660056e+04 3.187462e+04
3.517000e+01 4.663960e+04 3.185520e+04
3.518000e+01 4.668000e+04 3.182685e+04
3.519000e+01 4.672140e+04 3.178948e+04
3.520000e+01 4.676341e+04 3.174303e+04
3.521000e+01 4.680562e+04 3.168746e+04
3.522000e+01 4.684768e+04 3.162273e+04
3.523000e+01 4.688917e+04 3.154882e+04
3.524000e+01 4.692972e+04 3.146574e+04
3.525000e+01 4.696892e+04 3.137350e+04
3.526000e+01 4.700640e+04 3.127214e+04
3.527000e+01 4.704176e+04 3.116169e+04
3.528000e+01 4.707459e+04 3.104223e+04
3.529000e+01 4.710451e+04 3.091379e+04
3.530000e+01 4.713112e+04 3.077651e+04
3.531000e+01 4.715409e+04 3.063050e+04
3.532000e+01 4.717302e+04 3.047590e+04
3.533000e+01 4.718754e+04 3.031284e+04
3.534000e+01 4.719729e+04 3.014149e+04
3.535000e+01 4.720190e+04 2.996202e+04
3.536000e+01 4.720104e+04 2.977462e+04
3.537000e+01 4.720834e+04 2.962395e+04
3.538000e+01 4.720994e+04 2.946725e+04
3.539000e+01 4.720505e+04 2.930329e+04
3.540000e+01 4.719335e+04 2.913230e+04
3.541000e+01 4.717452e+04 2.895454e+04
3.542000e+01 4.714828e+04 2.877030e+04
3.543000e+01 4.711432e+04 2.857984e+04
3.544000e+01 4.707238e+04 2.838347e+04
3.545000e+01 4.702219e+04 2.818150e+04
3.546000e+01 4.696349e+04 2.797426e+04
3.547000e+01 4.689605e+04 2.776206e+04
3.548000e+01 4.681965e+04 2.754526e+04
3.549000e+01 4.673406e+04 2.732420e+04
3.550000e+01 4.663911e+04 2.709924e+04
3.551000e+01 4.653458e+04 2.687076e+04
3.552000e+01 4.642032e+04 2.663912e+04
3.553000e+01 4.629619e+04 2.640473e+04
3.554000e+01 4.616204e+04 2.616794e+04
3.555000e+01 4.601773e+04 2.592918e+04
3.556000e+01 4.586318e+04 2.568884e+04
3.557000e+01 4.569829e+04 2.544732e+04
3.558000e+01 4.552299e+04 2.520505e+04
3.559000e+01 4.533722e+04 2.496242e+04
3.560000e+01 4.514095e+04 2.471985e+04
3.561000e+01 4.493413e+04 2.447778e+04
3.562000e+01 4.472903e+04 2.424622e+04
3.563000e+01 4.453672e+04 2.403436e+04
3.564000e+01 4.433392e+04 2.382423e+04
3.565000e+01 4.412066e+04 2.361627e+04
3.566000e+01 4.389703e+04 2.341088e+04
3.567000e+01 4.366308e+04 2.320849e+04
3.568000e+01 4.341893e+04 2.300950e+04
3.569000e+01 4.316467e+04 2.281433e+04
3.570000e+01 4.290046e+04 2.262338e+04
3.571000e+01 4.262642e+04 2.243703e+04
3.572000e+01 4.234274e+04 2.225571e+04
3.573000e+01 4.204957e+04 2.207978e+04
3.574000e+01 4.174714e+04 2.190962e+04
3.575000e+01 4.143562e+04 2.174562e+04
3.576000e+01 4.111527e+04 2.158812e+04
3.577000e+01 4.078631e+04 2.143749e+04
3.578000e+01 4.044901e+04 2.129406e+04
3.579000e+01 4.010363e+04 2.115819e+04
3.580000e+01 3.975045e+04 2.103019e+04
3.581000e+01 3.938978e+04 2.091036e+04
3.582000e+01 3.902193e+04 2.079901e+04
3.583000e+01 3.864720e+04 2.069644e+04
3.584000e+01 3.826595e+04 2.060291e+04
3.585000e+01 3.787851e+04 2.051868e+04
3.586000e+01 3.748523e+04 2.044402e+04
3.587000e+01 3.708650e+04 2.037913e+04
3.588000e+01 3.671137e+04 2.032517e+04
3.589000e+01 3.634266e+04 2.028178e+04
3.590000e+01 3.596963e+04 2.024879e+04
3.591000e+01 3.559269e+04 2.022636e+04
3.592000e+01 3.521224e+04 2.021464e+04
3.593000e+01 3.482871e+04 2.021380e+04
3.594000e+01 3.444250e+04 2.022394e+04
3.595000e+01 3.405404e+04 2.024515e+04
3.596000e+01 3.366376e+04 2.027756e+04
3.597000e+01 3.327209e+04 2.032119e+04
3.598000e+01 3.287946e+04 2.037614e+04
3.599000e+01 3.248633e+04 2.044242e+04
3.600000e+01 3.209311e+04 2.052005e+04
3.601000e+01 3.170026e+04 2.060902e+04
3.602000e+01 3.130821e+04 2.070933e+04
3.603000e+01 3.091740e+04 2.082093e+04
3.604000e+01 3.052826e+04 2.094377e+04
3.605000e+01 3.014124e+04 2.107779e+04
3.606000e+01 2.975676e+04 2.122288e+04
3.607000e+01 2.937525e+04 2.137894e+04
3.608000e+01 2.899713e+04 2.154585e+04
3.609000e+01 2.862283e+04 2.172347e+04
3.610000e+01 2.825275e+04 2.191164e+04
3.611000e+01 2.788730e+04 2.211017e+04
3.612000e+01 2.752688e+04 2.231888e+04
3.613000e+01 2.717441e+04 2.253560e+04
3.614000e+01 2.685115e+04 2.274393e+04
3.615000e+01 2.653407e+04 2.296176e+04
3.616000e+01 2.622353e+04 2.318884e+04
3.617000e+01 2.591987e+04 2.342490e+04
3.618000e+01 2.562345e+04 2.366966e+04
3.619000e+01 2.533458e+04 2.392282e+04
3.620000e+01 2.505359e+04 2.418406e+04
3.621000e+01 2.478078e+04 2.445307e+04
3.622000e+01 2.451645e+04 2.472952e+04
3.623000e+01 2.426086e+04 2.501304e+04
3.624000e+01 2.401428e+04 2.530328e+04
3.625000e+01 2.377696e+04 2.559988e+04
3.626000e+01 2.354913e+04 2.590244e+04
3.627000e+01 2.333100e+04 2.621060e+04
3.628000e+01 2.312279e+04 2.652393e+04
3.629000e+01 2.292466e+04 2.684205e+04
3.630000e+01 2.273680e+04 2.716453e+04
3.631000e+01 2.255934e+04 2.749096e+04
3.632000e+01 2.239242e+04 2.782091e+04
3.633000e+01 2.223616e+04 2.815396e+04
3.634000e+01 2.209066e+04 2.848965e+04
3.635000e+01 2.195599e+04 2.882758e+04
3.636000e+01 2.183222e+04 2.916727e+04
3.637000e+01 2.171938e+04 2.950830e+04
3.638000e+01 2.161751e+04 2.985021e+04
3.639000e+01 2.152808e+04 3.018056e+04
3.640000e+01 2.145122e+04 3.049759e+04
3.641000e+01 2.138531e+04 3.081417e+04
3.642000e+01 2.133027e+04 3.112985e+04
3.643000e+01 2.128605e+04 3.144420e+04
3.644000e+01 2.125254e+04 3.175676e+04
3.645000e+01 2.122961e+04 3.206707e+04
3.646000e+01 2.121720e+04 3.237474e+04
3.647000e+01 2.121513e+04 3.267934e+04
3.648000e+01 2.122328e+04 3.298045e+04
3.649000e+01 2.124147e+04 3.327767e+04
3.650000e+01 2.126948e+04 3.357060e+04
3.651000e+01 2.130714e+04 3.385883e+04
3.652000e+01 2.135421e+04 3.414196e+04
3.653000e+01 2.141045e+04 3.441965e+04
3.654000e+01 2.147561e+04 3.469150e+04
3.655000e+01 2.154942e+04 3.495717e+04
3.656000e+01 2.163159e+04 3.521631e+04
3.657000e+01 2.172182e+04 3.546857e+04
3.658000e+01 2.181981e+04 3.571367e+04
3.659000e+01 2.192522e+04 3.595127e+04
3.660000e+01 2.203771e+04 3.618109e+04
3.661000e+01 2.215695e+04 3.640284e+04
3.662000e+01 2.228256e+04 3.661627e+04
3.663000e+01 2.241417e+04 3.682112e+04
3.664000e+01 2.255141e+04 3.701717e+04
3.665000e+01 2.268148e+04 3.719275e+04
3.666000e+01 2.281421e+04 3.735709e+04
3.667000e+01 2.295136e+04 3.751202e+04
3.668000e+01 2.309251e+04 3.765738e+04
3.669000e+01 2.323725e+04 3.779302e+04
3.670000e+01 2.338514e+04 3.791880e+04
3.671000e+01 2.353575e+04 3.803461e+04
3.672000e+01 2.368864e+04 3.814036e+04
3.673000e+01 2.384336e+04 3.823598e+04
3.674000e+01 2.399949e+04 3.832139e+04
3.675000e+01 2.415656e+04 3.839658e+04
3.676000e+01 2.431413e+04 3.846151e+04
3.677000e+01 2.447176e+04 3.851618e+04
3.678000e+01 2.462898e+04 3.856062e+04
3.679000e+01 2.478536e+04 3.859485e+04
3.680000e+01 2.494046e+04 3.861894e+04
3.681000e+01 2.509381e+04 3.863295e+04
3.682000e+01 2.524500e+04 3.863698e+04
3.683000e+01 2.539357e+04 3.863115e+04
3.684000e+01 2.553911e+04 3.861557e+04
3.685000e+01 2.568118e+04 3.859040e+04
3.686000e+01 2.581937e+04 3.855581e+04
3.687000e+01 2.595326e+04 3.851196e+04
3.688000e+01 2.608246e+04 3.845908e+04
3.689000e+01 2.620656e+04 3.839736e+04
3.690000e+01 2.632135e+04 3.832839e+04
3.691000e+01 2.641725e+04 3.825563e+04
3.692000e+01 2.650693e+04 3.817480e+04
3.693000e+01 2.659003e+04 3.808616e+04
3.694000e+01 2.666623e+04 3.799001e+04
3.695000e+01 2.673518e+04 3.788668e+04
3.696000e+01 2.679657e+04 3.777646e+04
3.697000e+01 2.685011e+04 3.765972e+04
3.698000e+01 2.689550e+04 3.753678e+04
3.699000e+01 2.693247e+04 3.740802e+04
3.700000e+01 2.696077e+04 3.727381e+04
3.701000e+01 2.698015e+04 3.713453e+04
3.702000e+01 2.699039e+04 3.699057e+04
3.703000e+01 2.699127e+04 3.684233e+04
3.704000e+01 2.698262e+04 3.669023e+04
3.705000e+01 2.696425e+04 3.653469e+04
3.706000e+01 2.693600e+04 3.637613e+04
3.707000e+01 2.689775e+04 3.621498e+04
3.708000e+01 2.684937e+04 3.605169e+04
3.709000e+01 2.679075e+04 3.588669e+04
3.710000e+01 2.672183e+04 3.572044e+04
3.711000e+01 2.664252e+04 3.555337e+04
3.712000e+01 2.655280e+04 3.538597e+04
3.713000e+01 2.645263e+04 3.521866e+04
3.714000e+01 2.634201e+04 3.505192e+04
3.715000e+01 2.622095e+04 3.488620e+04
3.716000e+01 2.608704e+04 3.473343e+04
3.717000e+01 2.594119e+04 3.459014e+04
3.718000e+01 2.578505e+04 3.444922e+04
3.719000e+01 2.561871e+04 3.431113e+04
3.720000e+01 2.544230e+04 3.417632e+04
3.721000e+01 2.525592e+04 3.404521e+04
3.722000e+01 2.505975e+04 3.391826e+04
3.723000e+01 2.485392e+04 3.379589e+04
3.724000e+01 2.463864e+04 3.367852e+04
3.725000e+01 2.441410e+04 3.356655e+04
3.726000e+01 2.418051e+04 3.346041e+04
3.727000e+01 2.393813e+04 3.336048e+04
3.728000e+01 2.368719e+04 3.326715e+04
3.729000e+01 2.342796e+04 3.318080e+04
3.730000e+01 2.316073e+04 3.310179e+04
3.731000e+01 2.288581e+04 3.303047e+04
3.732000e+01 2.260350e+04 3.296718e+04
3.733000e+01 2.231413e+04 3.291224e+04
3.734000e+01 2.201805e+04 3.286598e+04
3.735000e+01 2.171560e+04 3.282867e+04
3.736000e+01 2.140717e+04 3.280063e+04
3.737000e+01 2.109313e+04 3.278210e+04
3.738000e+01 2.077387e+04 3.277333e+04
3.739000e+01 2.044980e+04 3.277457e+04
3.740000e+01 2.012132e+04 3.278602e+04
3.741000e+01 1.978886e+04 3.280789e+04
3.742000e+01 1.946635e+04 3.285718e+04
3.743000e+01 1.914100e+04 3.291757e+04
3.744000e+01 1.881297e+04 3.298888e+04
3.745000e+01 1.848272e+04 3.307122e+04
3.746000e+01 1.815071e+04 3.316470e+04
3.747000e+01 1.781739e+04 3.326941e+04
3.748000e+01 1.748323e+04 3.338542e+04
3.749000e+01 1.714870e+04 3.351280e+04
3.750000e+01 1.681426e+04 3.365155e+04
3.751000e+01 1.648038e+04 3.380169e+04
3.752000e+01 1.614754e+04 3.396322e+04
3.753000e+01 1.581620e+04 3.413609e+04
3.754000e+01 1.548683e+04 3.432027e+04
3.755000e+01 1.515990e+04 3.451568e+04
3.756000e+01 1.483588e+04 3.472222e+04
3.757000e+01 1.451522e+04 3.493982e+04
3.758000e+01 1.419839e+04 3.516831e+04
3.759000e+01 1.388581e+04 3.540757e+04
3.760000e+01 1.357795e+04 3.565742e+04
3.761000e+01 1.327525e+04 3.591767e+04
3.762000e+01 1.297812e+04 3.618814e+04
3.763000e+01 1.268700e+04 3.646859e+04
3.764000e+01 1.240224e+04 3.675875e+04
3.765000e+01 1.212429e+04 3.705838e+04
3.766000e+01 1.185354e+04 3.736724e+04
3.767000e+01 1.159876e+04 3.768579e+04
3.768000e+01 1.136706e+04 3.801434e+04
3.769000e+01 1.114365e+04 3.835119e+04
3.770000e+01 1.092889e+04 3.869601e+04
3.771000e+01 1.072309e+04 3.904844e+04
3.772000e+01 1.052656e+04 3.940812e+04
3.773000e+01 1.033962e+04 3.977466e+04
3.774000e+01 1.016251e+04 4.014769e+04
3.775000e+01 9.995512e+03 4.052680e+04
3.776000e+01 9.838878e+03 4.091158e+04
3.777000e+01 9.692840e+03 4.130160e+04
3.778000e+01 9.557589e+03 4.169644e+04
3.779000e+01 9.433326e+03 4.209564e+04
3.780000e+01 9.320229e+03 4.249877e+04
3.781000e+01 9.218454e+03 4.290536e+04
3.782000e+01 9.128126e+03 4.331496e+04
3.783000e+01 9.049369e+03 4.372708e+04
3.784000e+01 8.982284e+03 4.414127e+04
3.785000e+01 8.926928e+03 4.455704e+04
3.786000e+01 8.883381e+03 4.497391e+04
3.787000e+01 8.851655e+03 4.539139e+04
3.788000e+01 8.831787e+03 4.580901e+04
3.789000e+01 8.823746e+03 4.622628e+04
3.790000e+01 8.827523e+03 4.664271e+04
3.791000e+01 8.843076e+03 4.705782e+04
3.792000e+01 8.870330e+03 4.747113e+04
3.793000e+01 8.922574e+03 4.787116e+04
3.794000e+01 8.991194e+03 4.826443e+04
3.795000e+01 9.071202e+03 4.865447e+04
3.796000e+01 9.162422e+03 4.904082e+04
3.797000e+01 9.264714e+03 4.942303e+04
3.798000e+01 9.377880e+03 4.980063e+04
3.799000e+01 9.501714e+03 5.017319e+04
3.800000e+01 9.635986e+03 5.054027e+04
3.801000e+01 9.780465e+03 5.090144e+04
3.802000e+01 9.934877e+03 5.125630e+04
3.803000e+01 1.009895e+04 5.160443e+04
3.804000e+01 1.027237e+04 5.194545e+04
3.805000e+01 1.045487e+04 5.227898e+04
3.806000e+01 1.064607e+04 5.260465e+04
3.807000e+01 1.084566e+04 5.292210e+04
3.808000e+01 1.105325e+04 5.323101e+04
3.809000e+01 1.126850e+04 5.353106e+04
3.810000e+01 1.149100e+04 5.382192e+04
3.811000e+01 1.172035e+04 5.410333e+04
3.812000e+01 1.195615e+04 5.437500e+04
3.813000e+01 1.219798e+04 5.463667e+04
3.814000e+01 1.244538e+04 5.488812e+04
3.815000e+01 1.269792e+04 5.512913e+04
3.816000e+01 1.295515e+04 5.535949e+04
3.817000e+01 1.321660e+04 5.557903e+04
3.818000e+01 1.348200e+04 5.578516e+04
3.819000e+01 1.375232e+04 5.596053e+04
3.820000e+01 1.402543e+04 5.612465e+04
3.821000e+01 1.430084e+04 5.627743e+04
3.822000e+01 1.457806e+04 5.641879e+04
3.823000e+01 1.485659e+04 5.654868e+04
3.824000e+01 1.513593e+04 5.666706e+04
3.825000e+01 1.541560e+04 5.677390e+04
3.826000e+01 1.569508e+04 5.686923e+04
3.827000e+01 1.597387e+04 5.695307e+04
3.828000e+01 1.625147e+04 5.702547e+04
3.829000e+01 1.652740e+04 5.708650e+04
3.830000e+01 1.680115e+04 5.713625e+04
3.831000e+01 1.707223e+04 5.717484e+04
3.832000e+01 1.734015e+04 5.720240e+04
3.833000e+01 1.760446e+04 5.721909e+04
3.834000e+01 1.786464e+04 5.722507e+04
3.835000e+01 1.812025e+04 5.722056e+04
3.836000e+01 1.837083e+04 5.720577e+04
3.837000e+01 1.861594e+04 5.718092e+04
3.838000e+01 1.885513e+04 5.714628e+04
3.839000e+01 1.908798e+04 5.710212e+04
3.840000e+01 1.931405e+04 5.704874e+04
3.841000e+01 1.953297e+04 5.698644e+04
3.842000e+01 1.974434e+04 5.691556e+04
3.843000e+01 1.994776e+04 5.683643e+04
3.844000e+01 2.013613e+04 5.674251e+04
3.845000e+01 2.030871e+04 5.663381e+04
3.846000e+01 2.047232e+04 5.651799e+04
3.847000e+01 2.062664e+04 5.639546e+04
3.848000e+01 2.077137e+04 5.626665e+04
3.849000e+01 2.090625e+04 5.613198e+04
3.850000e+01 2.103101e+04 5.599191e+04
3.851000e+01 2.114540e+04 5.584688e+04
3.852000e+01 2.124921e+04 5.569736e+04
3.853000e+01 2.134222e+04 5.554384e+04
3.854000e+01 2.142427e+04 5.538680e+04
3.855000e+01 2.149519e+04 5.522672e+04
3.856000e+01 2.155484e+04 5.506412e+04
3.857000e+01 2.160309e+04 5.489950e+04
3.858000e+01 2.163986e+04 5.473337e+04
3.859000e+01 2.166507e+04 5.456625e+04
3.860000e+01 2.167867e+04 5.439866e+04
3.861000e+01 2.168062e+04 5.423112e+04
3.862000e+01 2.167091e+04 5.406417e+04
3.863000e+01 2.164957e+04 5.389832e+04
3.864000e+01 2.161662e+04 5.373410e+04
3.865000e+01 2.157213e+04 5.357204e+04
3.866000e+01 2.151618e+04 5.341266e+04
3.867000e+01 2.144887e+04 5.325647e+04
3.868000e+01 2.137033e+04 5.310401e+04
3.869000e+01 2.128072e+04 5.295576e+04
3.870000e+01 2.116487e+04 5.281456e+04
3.871000e+01 2.103588e+04 5.267894e+04
3.872000e+01 2.089638e+04 5.254904e+04
3.873000e+01 2.074662e+04 5.242534e+04
3.874000e+01 2.058685e+04 5.230832e+04
3.875000e+01 2.041733e+04 5.219842e+04
3.876000e+01 2.023838e+04 5.209611e+04
3.877000e+01 2.005030e+04 5.200182e+04
3.878000e+01 1.985344e+04 5.191598e+04
3.879000e+01 1.964813e+04 5.183899e+04
3.880000e+01 1.943477e+04 5.177125e+04
3.881000e+01 1.921372e+04 5.171315e+04
3.882000e+01 1.898542e+04 5.166505e+04
3.883000e+01 1.875025e+04 5.162729e+04
3.884000e+01 1.850868e+04 5.160021e+04
3.885000e+01 1.826114e+04 5.158412e+04
3.886000e+01 1.800811e+04 5.157932e+04
3.887000e+01 1.775005e+04 5.158605e+04
3.888000e+01 1.748744e+04 5.160457e+04
3.889000e+01 1.722078e+04 5.163512e+04
3.890000e+01 1.695062e+04 5.167794e+04
3.891000e+01 1.667748e+04 5.173320e+04
3.892000e+01 1.640185e+04 5.180107e+04
3.893000e+01 1.612432e+04 5.188171e+04
3.894000e+01 1.584540e+04 5.197523e+04
3.895000e+01 1.556397e+04 5.208558e+04
3.896000e+01 1.527693e+04 5.222117e+04
3.897000e+01 1.499017e+04 5.236987e+04
3.898000e+01 1.470426e+04 5.253172e+04
3.899000e+01 1.441978e+04 5.270673e+04
3.900000e+01 1.413727e+04 5.289488e+04
3.901000e+01 1.385733e+04 5.309613e+04
3.902000e+01 1.358049e+04 5.331042e+04
3.903000e+01 1.330733e+04 5.353765e+04
3.904000e+01 1.303841e+04 5.377771e+04
3.905000e+01 1.277429e+04 5.403047e+04
3.906000e+01 1.251551e+04 5.429576e+04
3.907000e+01 1.226262e+04 5.457341e+04
3.908000e+01 1.201616e+04 5.486320e+04
3.909000e+01 1.177666e+04 5.516490e+04
3.910000e+01 1.154464e+04 5.547827e+04
3.911000e+01 1.132061e+04 5.580302e+04
3.912000e+01 1.110506e+04 5.613887e+04
3.913000e+01 1.089850e+04 5.648549e+04
3.914000e+01 1.070140e+04 5.684254e+04
3.915000e+01 1.051421e+04 5.720967e+04
3.916000e+01 1.033738e+04 5.758650e+04
3.917000e+01 1.017136e+04 5.797262e+04
3.918000e+01 1.001654e+04 5.836762e+04
3.919000e+01 9.873337e+03 5.877107e+04
3.920000e+01 9.742119e+03 5.918251e+04
3.921000e+01 9.629557e+03 5.961118e+04
3.922000e+01 9.533610e+03 6.005294e+04
3.923000e+01 9.450682e+03 6.050123e+04
3.924000e+01 9.381084e+03 6.095555e+04
3.925000e+01 9.325093e+03 6.141537e+04
3.926000e+01 9.282968e+03 6.188015e+04
3.927000e+01 9.254952e+03 6.234934e+04
3.928000e+01 9.241257e+03 6.282237e+04
3.929000e+01 9.242074e+03 6.329867e+04
3.930000e+01 9.257570e+03 6.377767e+04
3.931000e+01 9.287893e+03 6.425877e+04
3.932000e+01 9.333164e+03 6.474138e+04
3.933000e+01 9.393489e+03 6.522491e+04
3.934000e+01 9.468911e+03 6.570873e+04
3.935000e+01 9.559503e+03 6.619226e+04
3.936000e+01 9.665265e+03 6.667487e+04
3.937000e+01 9.786200e+03 6.715595e+04
3.938000e+01 9.922279e+03 6.763490e+04
3.939000e+01 1.007344e+04 6.811108e+04
3.940000e+01 1.023961e+04 6.858391e+04
3.941000e+01 1.042067e+04 6.905275e+04
3.942000e+01 1.061650e+04 6.951702e+04
3.943000e+01 1.082693e+04 6.997612e+04
3.944000e+01 1.105177e+04 7.042944e+04
3.945000e+01 1.129083e+04 7.087641e+04
3.946000e+01 1.154387e+04 7.131644e+04
3.947000e+01 1.183147e+04 7.175058e+04
3.948000e+01 1.213267e+04 7.217666e+04
3.949000e+01 1.244700e+04 7.259415e+04
3.950000e+01 1.277414e+04 7.300247e+04
3.951000e+01 1.311374e+04 7.340113e+04
3.952000e+01 1.346542e+04 7.378961e+04
3.953000e+01 1.382879e+04 7.416740e+04
3.954000e+01 1.420344e+04 7.453406e+04
3.955000e+01 1.458892e+04 7.488909e+04
3.956000e+01 1.498480e+04 7.523208e+04
3.957000e+01 1.539058e+04 7.556257e+04
3.958000e+01 1.580579e+04 7.588018e+04
3.959000e+01 1.622990e+04 7.618452e+04
3.960000e+01 1.666241e+04 7.647522e+04
3.961000e+01 1.710276e+04 7.675193e+04
3.962000e+01 1.755040e+04 7.701434e+04
3.963000e+01 1.800476e+04 7.726215e+04
3.964000e+01 1.846526e+04 7.749509e+04
3.965000e+01 1.893131e+04 7.771289e+04
3.966000e+01 1.940229e+04 7.791535e+04
3.967000e+01 1.987760e+04 7.810224e+04
3.968000e+01 2.035661e+04 7.827342e+04
3.969000e+01 2.083868e+04 7.842871e+04
3.970000e+01 2.132320e+04 7.856798e+04
3.971000e+01 2.180950e+04 7.869115e+04
3.972000e+01 2.230308e+04 7.879207e+04
3.973000e+01 2.280766e+04 7.886639e+04
3.974000e+01 2.331206e+04 7.892446e+04
3.975000e+01 2.381565e+04 7.896630e+04
3.976000e+01 2.431776e+04 7.899196e+04
3.977000e+01 2.481774e+04 7.900148e+04
3.978000e+01 2.531493e+04 7.899496e+04
3.979000e+01 2.580869e+04 7.897254e+04
3.980000e+01 2.629838e+04 7.893435e+04
3.981000e+01 2.678335e+04 7.888055e+04
3.982000e+01 2.726297e+04 7.881136e+04
3.983000e+01 2.773663e+04 7.872699e+04
3.984000e+01 2.820370e+04 7.862769e+04
3.985000e+01 2.866358e+04 7.851376e+04
3.986000e+01 2.911568e+04 7.838548e+04
3.987000e+01 2.955941e+04 7.824318e+04
3.988000e+01 2.999422e+04 7.808723e+04
3.989000e+01 3.041954e+04 7.791798e+04
3.990000e+01 3.083483e+04 7.773585e+04
3.991000e+01 3.123958e+04 7.754123e+04
3.992000e+01 3.163328e+04 7.733462e+04
3.993000e+01 3.201544e+04 7.711642e+04
3.994000e+01 3.238560e+04 7.688716e+04
3.995000e+01 3.274330e+04 7.664733e+04
3.996000e+01 3.308813e+04 7.639745e+04
3.997000e+01 3.341967e+04 7.613807e+04
3.998000e+01 3.373692e+04 7.585086e+04
3.999000e+01 3.403994e+04 7.554885e+04
4.000000e+01 3.432860e+04 7.523908e+04
4.001000e+01 3.460258e+04 7.492213e+04
4.002000e+01 3.486160e+04 7.459862e+04
4.003000e+01 3.510540e+04 7.426918e+04
4.004000e+01 3.533374e+04 7.393447e+04
4.005000e+01 3.554642e+04 7.359511e+04
4.006000e+01 3.574325e+04 7.325178e+04
4.007000e+01 3.592408e+04 7.290516e+04
4.008000e+01 3.608880e+04 7.255591e+04
4.009000e+01 3.623728e+04 7.220471e+04
4.010000e+01 3.636948e+04 7.185224e+04
4.011000e+01 3.648535e+04 7.149921e+04
4.012000e+01 3.658487e+04 7.114629e+04
4.013000e+01 3.666807e+04 7.079420e+04
4.014000e+01 3.673498e+04 7.044358e+04
4.015000e+01 3.678566e+04 7.009514e+04
4.016000e+01 3.682023e+04 6.974956e+04
4.017000e+01 3.683882e+04 6.940755e+04
4.018000e+01 3.684161e+04 6.906976e+04
4.019000e+01 3.682878e+04 6.873689e+04
4.020000e+01 3.680054e+04 6.840959e+04
4.021000e+01 3.675715e+04 6.808852e+04
4.022000e+01 3.669888e+04 6.777433e+04
4.023000e+01 3.662359e+04 6.746548e+04
4.024000e+01 3.651659e+04 6.714924e+04
4.025000e+01 3.639569e+04 6.684174e+04
4.026000e+01 3.626126e+04 6.654357e+04
4.027000e+01 3.611372e+04 6.625532e+04
4.028000e+01 3.595348e+04 6.597753e+04
4.029000e+01 3.578100e+04 6.571077e+04
4.030000e+01 3.559675e+04 6.545555e+04
4.031000e+01 3.540124e+04 6.521238e+04
4.032000e+01 3.519497e+04 6.498175e+04
4.033000e+01 3.497850e+04 6.476412e+04
4.034000e+01 3.475237e+04 6.455993e+04
4.035000e+01 3.451717e+04 6.436960e+04
4.036000e+01 3.427350e+04 6.419353e+04
4.037000e+01 3.402195e+04 6.403209e+04
4.038000e+01 3.376317e+04 6.388562e+04
4.039000e+01 3.349780e+04 6.375444e+04
4.040000e+01 3.322649e+04 6.363885e+04
4.041000e+01 3.294992e+04 6.353910e+04
4.042000e+01 3.266877e+04 6.345544e+04
4.043000e+01 3.238372e+04 6.338807e+04
4.044000e+01 3.209548e+04 6.333718e+04
4.045000e+01 3.180475e+04 6.330291e+04
4.046000e+01 3.151226e+04 6.328539e+04
4.047000e+01 3.121873e+04 6.328471e+04
4.048000e+01 3.092487e+04 6.330092e+04
4.049000e+01 3.061781e+04 6.333521e+04
4.050000e+01 3.029822e+04 6.338758e+04
4.051000e+01 2.998050e+04 6.345685e+04
4.052000e+01 2.966538e+04 6.354296e+04
4.053000e+01 2.935359e+04 6.364582e+04
4.054000e+01 2.904585e+04 6.376530e+04
4.055000e+01 2.874289e+04 6.390125e+04
4.056000e+01 2.844542e+04 6.405350e+04
4.057000e+01 2.815414e+04 6.422182e+04
4.058000e+01 2.786976e+04 6.440598e+04
4.059000e+01 2.759296e+04 6.460570e+04
4.060000e+01 2.732443e+04 6.482068e+04
4.061000e+01 2.706483e+04 6.505061e+04
4.062000e+01 2.681481e+04 6.529510e+04
4.063000e+01 2.657501e+04 6.555380e+04
4.064000e+01 2.634606e+04 6.582627e+04
4.065000e+01 2.612856e+04 6.611208e+04
4.066000e+01 2.592311e+04 6.641077e+04
4.067000e+01 2.573026e+04 6.672186e+04
4.068000e+01 2.555058e+04 6.704482e+04
4.069000e+01 2.538459e+04 6.737912e+04
4.070000e+01 2.523280e+04 6.772420e+04
4.071000e+01 2.509569e+04 6.807949e+04
4.072000e+01 2.497372e+04 6.844437e+04
4.073000e+01 2.486733e+04 6.881824e+04
4.074000e+01 2.477693e+04 6.920045e+04
4.075000e+01 2.468774e+04 6.960940e+04
4.076000e+01 2.461314e+04 7.002807e+04
4.077000e+01 2.455559e+04 7.045306e+04
4.078000e+01 2.451540e+04 7.088367e+04
4.079000e+01 2.449284e+04 7.131918e+04
4.080000e+01 2.448815e+04 7.175887e+04
4.081000e+01 2.450155e+04 7.220199e+04
4.082000e+01 2.453322e+04 7.264781e+04
4.083000e+01 2.458330e+04 7.309556e+04
4.084000e+01 2.465192e+04 7.354447e+04
4.085000e+01 2.473916e+04 7.399380e+04
4.086000e+01 2.484509e+04 7.444275e+04
4.087000e+01 2.496971e+04 7.489055e+04
4.088000e+01 2.511303e+04 7.533643e+04
4.089000e+01 2.527500e+04 7.577961e+04
4.090000e+01 2.545556e+04 7.621931e+04
4.091000e+01 2.565458e+04 7.665476e+04
4.092000e+01 2.587195e+04 7.708519e+04
4.093000e+01 2.610748e+04 7.750983e+04
4.094000e+01 2.636098e+04 7.792793e+04
4.095000e+01 2.663221e+04 7.833873e+04
4.096000e+01 2.692091e+04 7.874151e+04
4.097000e+01 2.722678e+04 7.913552e+04
4.098000e+01 2.754950e+04 7.952003e+04
4.099000e+01 2.788872e+04 7.989435e+04
4.100000e+01 2.824507e+04 8.026478e+04
4.101000e+01 2.862019e+04 8.064438e+04
4.102000e+01 2.901057e+04 8.101177e+04
4.103000e+01 2.941572e+04 8.136629e+04
4.104000e+01 2.983515e+04 8.170733e+04
4.105000e+01 3.026834e+04 8.203428e+04
4.106000e+01 3.071474e+04 8.234656e+04
4.107000e+01 3.117378e+04 8.264361e+04
4.108000e+01 3.164486e+04 8.292490e+04
4.109000e+01 3.212736e+04 8.318991e+04
4.110000e+01 3.262064e+04 8.343816e+04
4.111000e+01 3.312403e+04 8.366919e+04
4.112000e+01 3.363687e+04 8.388256e+04
4.113000e+01 3.415845e+04 8.407787e+04
4.114000e+01 3.468805e+04 8.425475e+04
4.115000e+01 3.522495e+04 8.441285e+04
4.116000e+01 3.576839e+04 8.455184e+04
4.117000e+01 3.631762e+04 8.467146e+04
4.118000e+01 3.687186e+04 8.477144e+04
4.119000e+01 3.743034e+04 8.485154e+04
4.120000e+01 3.799225e+04 8.491160e+04
4.121000e+01 3.855680e+04 8.495144e+04
4.122000e+01 3.912318e+04 8.497095e+04
4.123000e+01 3.969058e+04 8.497004e+04
4.124000e+01 4.025818e+04 8.494863e+04
4.125000e+01 4.082515e+04 8.490671e+04
4.126000e+01 4.140528e+04 8.485431e+04
4.127000e+01 4.199174e+04 8.478735e+04
4.128000e+01 4.257513e+04 8.470001e+04
4.129000e+01 4.315461e+04 8.459241e+04
4.130000e+01 4.372938e+04 8.446468e+04
4.131000e+01 4.429863e+04 8.431701e+04
4.132000e+01 4.486155e+04 8.414961e+04
4.133000e+01 4.541737e+04 8.396272e+04
4.134000e+01 4.596528e+04 8.375661e+04
4.135000e+01 4.650454e+04 8.353161e+04
4.136000e+01 4.703437e+04 8.328806e+04
4.137000e+01 4.755404e+04 8.302632e+04
4.138000e+01 4.806280e+04 8.274680e+04
4.139000e+01 4.855996e+04 8.244994e+04
4.140000e+01 4.904482e+04 8.213621e+04
4.141000e+01 4.951671e+04 8.180609e+04
4.142000e+01 4.997496e+04 8.146011e+04
4.143000e+01 5.041895e+04 8.109881e+04
4.144000e+01 5.084807e+04 8.072277e+04
4.145000e+01 5.126171e+04 8.033260e+04
4.146000e+01 5.165934e+04 7.992890e+04
4.147000e+01 5.204037e+04 7.951230e+04
4.148000e+01 5.240433e+04 7.908350e+04
4.149000e+01 5.275073e+04 7.864320e+04
4.150000e+01 5.307912e+04 7.819209e+04
4.151000e+01 5.338924e+04 7.773090e+04
4.152000e+01 5.370783e+04 7.725420e+04
4.153000e+01 5.400723e+04 7.676893e+04
4.154000e+01 5.428712e+04 7.627591e+04
4.155000e+01 5.454719e+04 7.577590e+04
4.156000e+01 5.478717e+04 7.526971e+04
4.157000e+01 5.500684e+04 7.475818e+04
4.158000e+01 5.520600e+04 7.424212e+04
4.159000e+01 5.538448e+04 7.372235e+04
4.160000e+01 5.554215e+04 7.319974e+04
4.161000e+01 5.567891e+04 7.267512e+04
4.162000e+01 5.579471e+04 7.214935e+04
4.163000e+01 5.588952e+04 7.162328e+04
4.164000e+01 5.596337e+04 7.109775e+04
4.165000e+01 5.601628e+04 7.057363e+04
4.166000e+01 5.604833e+04 7.005178e+04
4.167000e+01 5.605967e+04 6.953302e+04
4.168000e+01 5.605042e+04 6.901822e+04
4.169000e+01 5.602079e+04 6.850821e+04
4.170000e+01 5.597099e+04 6.800381e+04
4.171000e+01 5.590129e+04 6.750584e+04
4.172000e+01 5.581196e+04 6.701513e+04
4.173000e+01 5.570334e+04 6.653246e+04
4.174000e+01 5.557580e+04 6.605861e+04
4.175000e+01 5.542971e+04 6.559434e+04
4.176000e+01 5.526551e+04 6.514044e+04
4.177000e+01 5.508897e+04 6.468829e+04
4.178000e+01 5.490389e+04 6.423286e+04
4.179000e+01 5.470215e+04 6.378992e+04
4.180000e+01 5.448428e+04 6.336014e+04
4.181000e+01 5.425087e+04 6.294418e+04
4.182000e+01 5.400250e+04 6.254265e+04
4.183000e+01 5.373982e+04 6.215616e+04
4.184000e+01 5.346346e+04 6.178529e+04
4.185000e+01 5.317410e+04 6.143058e+04
4.186000e+01 5.287245e+04 6.109255e+04
4.187000e+01 5.255921e+04 6.077169e+04
4.188000e+01 5.223511e+04 6.046846e+04
4.189000e+01 5.190094e+04 6.018330e+04
4.190000e+01 5.155747e+04 5.991659e+04
4.191000e+01 5.120548e+04 5.966871e+04
4.192000e+01 5.084577e+04 5.943998e+04
4.193000e+01 5.047918e+04 5.923069e+04
4.194000e+01 5.010655e+04 5.904112e+04
4.195000e+01 4.972871e+04 5.887149e+04
4.196000e+01 4.934651e+04 5.872199e+04
4.197000e+01 4.896083e+04 5.859279e+04
4.198000e+01 4.857254e+04 5.848398e+04
4.199000e+01 4.818249e+04 5.839567e+04
4.200000e+01 4.779158e+04 5.832791e+04
4.201000e+01 4.740069e+04 5.828068e+04
4.202000e+01 4.701069e+04 5.825398e+04
4.203000e+01 4.661596e+04 5.822743e+04
4.204000e+01 4.622181e+04 5.821479e+04
4.205000e+01 4.583119e+04 5.822235e+04
4.206000e+01 4.544495e+04 5.824995e+04
4.207000e+01 4.506395e+04 5.829739e+04
4.208000e+01 4.468906e+04 5.836439e+04
4.209000e+01 4.432109e+04 5.845070e+04
4.210000e+01 4.396090e+04 5.855598e+04
4.211000e+01 4.360928e+04 5.867988e+04
4.212000e+01 4.326703e+04 5.882201e+04
4.213000e+01 4.293494e+04 5.898197e+04
4.214000e+01 4.261378e+04 5.915926e+04
4.215000e+01 4.230428e+04 5.935343e+04
4.216000e+01 4.200718e+04 5.956395e+04
4.217000e+01 4.172318e+04 5.979026e+04
4.218000e+01 4.145295e+04 6.003179e+04
4.219000e+01 4.119716e+04 6.028792e+04
4.220000e+01 4.095643e+04 6.055803e+04
4.221000e+01 4.073136e+04 6.084145e+04
4.222000e+01 4.052253e+04 6.113749e+04
4.223000e+01 4.033050e+04 6.144543e+04
4.224000e+01 4.015575e+04 6.176455e+04
4.225000e+01 3.999880e+04 6.209407e+04
4.226000e+01 3.986010e+04 6.243322e+04
4.227000e+01 3.974006e+04 6.278122e+04
4.228000e+01 3.963559e+04 6.313563e+04
4.229000e+01 3.952837e+04 6.348708e+04
4.230000e+01 3.944086e+04 6.384485e+04
4.231000e+01 3.937334e+04 6.420811e+04
4.232000e+01 3.932607e+04 6.457595e+04
4.233000e+01 3.929924e+04 6.494752e+04
4.234000e+01 3.929303e+04 6.532190e+04
4.235000e+01 3.930757e+04 6.569822e+04
4.236000e+01 3.934296e+04 6.607553e+04
4.237000e+01 3.939924e+04 6.645296e+04
4.238000e+01 3.947644e+04 6.682956e+04
4.239000e+01 3.957453e+04 6.720445e+04
4.240000e+01 3.969346e+04 6.757669e+04
4.241000e+01 3.983312e+04 6.794538e+04
4.242000e+01 3.999338e+04 6.830959e+04
4.243000e+01 4.017406e+04 6.866845e+04
4.244000e+01 4.037494e+04 6.902105e+04
4.245000e+01 4.059578e+04 6.936649e+04
4.246000e+01 4.083627e+04 6.970392e+04
4.247000e+01 4.109611e+04 7.003244e+04
4.248000e+01 4.137490e+04 7.035124e+04
4.249000e+01 4.167227e+04 7.065943e+04
4.250000e+01 4.198777e+04 7.095625e+04
4.251000e+01 4.232094e+04 7.124085e+04
4.252000e+01 4.267125e+04 7.151248e+04
4.253000e+01 4.303819e+04 7.177036e+04
4.254000e+01 4.340776e+04 7.201937e+04
4.255000e+01 4.377998e+04 7.225851e+04
4.256000e+01 4.416700e+04 7.248179e+04
4.257000e+01 4.456818e+04 7.268850e+04
4.258000e+01 4.498280e+04 7.287802e+04
4.259000e+01 4.541016e+04 7.304975e+04
4.260000e+01 4.584950e+04 7.320311e+04
4.261000e+01 4.630006e+04 7.333754e+04
4.262000e+01 4.676104e+04 7.345254e+04
4.263000e+01 4.723163e+04 7.354762e+04
4.264000e+01 4.771099e+04 7.362235e+04
4.265000e+01 4.819825e+04 7.367631e+04
4.266000e+01 4.869257e+04 7.370913e+04
4.267000e+01 4.919303e+04 7.372045e+04
4.268000e+01 4.969873e+04 7.370999e+04
4.269000e+01 5.020877e+04 7.367749e+04
4.270000e+01 5.072218e+04 7.362270e+04
4.271000e+01 5.123806e+04 7.354547e+04
4.272000e+01 5.175545e+04 7.344561e+04
4.273000e+01 5.227337e+04 7.332306e+04
4.274000e+01 5.279089e+04 7.317773e+04
4.275000e+01 5.330702e+04 7.300960e+04
4.276000e+01 5.382081e+04 7.281867e+04
4.277000e+01 5.433129e+04 7.260502e+04
4.278000e+01 5.483749e+04 7.236874e+04
4.279000e+01 5.533846e+04 7.210995e+04
4.280000e+01 5.582435e+04 7.185267e+04
4.281000e+01 5.630197e+04 7.157628e+04
4.282000e+01 5.677152e+04 7.127806e+04
4.283000e+01 5.723200e+04 7.095824e+04
4.284000e+01 5.768256e+04 7.061723e+04
4.285000e+01 5.812228e+04 7.025540e+04
4.286000e+01 5.855026e+04 6.987316e+04
4.287000e+01 5.896565e+04 6.947096e+04
4.288000e+01 5.936759e+04 6.904930e+04
4.289000e+01 5.975522e+04 6.860870e+04
4.290000e+01 6.012775e+04 6.814972e+04
4.291000e+01 6.048440e+04 6.767296e+04
4.292000e+01 6.082438e+04 6.717906e+04
4.293000e+01 6.114696e+04 6.666867e+04
4.294000e+01 6.145142e+04 6.614250e+04
4.295000e+01 6.173710e+04 6.560125e+04
4.296000e+01 6.200331e+04 6.504570e+04
4.297000e+01 6.224946e+04 6.447662e+04
4.298000e+01 6.247495e+04 6.389482e+04
4.299000e+01 6.267922e+04 6.330114e+04
4.300000e+01 6.286174e+04 6.269642e+04
4.301000e+01 6.302203e+04 6.208157e+04
4.302000e+01 6.315966e+04 6.145747e+04
4.303000e+01 6.327419e+04 6.082506e+04
4.304000e+01 6.336525e+04 6.018526e+04
4.305000e+01 6.343581e+04 5.954585e+04
4.306000e+01 6.349145e+04 5.891994e+04
4.307000e+01 6.352273e+04 5.828955e+04
4.308000e+01 6.352945e+04 5.765568e+04
4.309000e+01 6.351145e+04 5.701935e+04
4.310000e+01 6.346857e+04 5.638155e+04
4.311000e+01 6.340076e+04 5.574332e+04
4.312000e+01 6.330795e+04 5.510566e+04
4.313000e+01 6.319014e+04 5.446962e+04
4.314000e+01 6.304738e+04 5.383621e+04
4.315000e+01 6.287974e+04 5.320646e+04
4.316000e+01 6.268738e+04 5.258139e+04
4.317000e+01 6.247043e+04 5.196203e+04
4.318000e+01 6.222913e+04 5.134937e+04
4.319000e+01 6.196373e+04 5.074443e+04
4.320000e+01 6.167452e+04 5.014820e+04
4.321000e+01 6.136184e+04 4.956165e+04
4.322000e+01 6.102607e+04 4.898577e+04
4.323000e+01 6.066765e+04 4.842148e+04
4.324000e+01 6.028703e+04 4.786975e+04
4.325000e+01 5.988470e+04 4.733146e+04
4.326000e+01 5.946121e+04 4.680754e+04
4.327000e+01 5.901713e+04 4.629884e+04
4.328000e+01 5.855309e+04 4.580622e+04
4.329000e+01 5.806973e+04 4.533050e+04
4.330000e+01 5.756775e+04 4.487247e+04
4.331000e+01 5.706501e+04 4.443858e+04
4.332000e+01 5.655471e+04 4.402705e+04
4.333000e+01 5.602803e+04 4.363543e+04
4.334000e+01 5.548579e+04 4.326442e+04
4.335000e+01 5.492883e+04 4.291465e+04
4.336000e+01 5.435800e+04 4.258671e+04
4.337000e+01 5.377423e+04 4.228120e+04
4.338000e+01 5.317842e+04 4.199862e+04
4.339000e+01 5.257152e+04 4.173952e+04
4.340000e+01 5.195448e+04 4.150431e+04
4.341000e+01 5.132830e+04 4.129342e+04
4.342000e+01 5.069397e+04 4.110723e+04
4.343000e+01 5.005251e+04 4.094605e+04
4.344000e+01 4.940497e+04 4.081022e+04
4.345000e+01 4.875238e+04 4.069995e+04
4.346000e+01 4.809578e+04 4.061545e+04
4.347000e+01 4.743627e+04 4.055690e+04
4.348000e+01 4.677490e+04 4.052437e+04
4.349000e+01 4.611275e+04 4.051799e+04
4.350000e+01 4.545091e+04 4.053774e+04
4.351000e+01 4.479045e+04 4.058362e+04
4.352000e+01 4.413246e+04 4.065556e+04
4.353000e+01 4.347802e+04 4.075345e+04
4.354000e+01 4.282821e+04 4.087715e+04
4.355000e+01 4.218409e+04 4.102642e+04
4.356000e+01 4.154717e+04 4.120081e+04
4.357000e+01 4.094161e+04 4.138769e+04
4.358000e+01 4.034489e+04 4.159929e+04
4.359000e+01 3.975806e+04 4.183521e+04
4.360000e+01 3.918211e+04 4.209508e+04
4.361000e+01 3.861805e+04 4.237837e+04
4.362000e+01 3.806685e+04 4.268461e+04
4.363000e+01 3.752946e+04 4.301324e+04
4.364000e+01 3.700681e+04 4.336369e+04
4.365000e+01 3.649981e+04 4.373532e+04
4.366000e+01 3.600934e+04 4.412744e+04
4.367000e+01 3.553626e+04 4.453938e+04
4.368000e+01 3.508138e+04 4.497038e+04
4.369000e+01 3.464551e+04 4.541967e+04
4.370000e+01 3.422940e+04 4.588644e+04
4.371000e+01 3.383378e+04 4.636984e+04
4.372000e+01 3.345934e+04 4.686901e+04
4.373000e+01 3.310674e+04 4.738304e+04
4.374000e+01 3.277660e+04 4.791102e+04
4.375000e+01 3.246949e+04 4.845195e+04
4.376000e+01 3.218595e+04 4.900490e+04
4.377000e+01 3.192649e+04 4.956882e+04
4.378000e+01 3.169155e+04 5.014272e+04
4.379000e+01 3.148155e+04 5.072552e+04
4.380000e+01 3.129687e+04 5.131619e+04
4.381000e+01 3.113781e+04 5.191362e+04
4.382000e+01 3.100720e+04 5.250691e+04
4.383000e+01 3.090663e+04 5.308968e+04
4.384000e+01 3.083238e+04 5.367592e+04
4.385000e+01 3.078460e+04 5.426448e+04
4.386000e+01 3.076339e+04 5.485424e+04
4.387000e+01 3.076878e+04 5.544406e+04
4.388000e+01 3.080077e+04 5.603281e+04
4.389000e+01 3.085931e+04 5.661935e+04
4.390000e+01 3.094430e+04 5.720252e+04
4.391000e+01 3.105559e+04 5.778122e+04
4.392000e+01 3.119299e+04 5.835429e+04
4.393000e+01 3.135625e+04 5.892064e+04
4.394000e+01 3.154507e+04 5.947913e+04
4.395000e+01 3.175913e+04 6.002868e+04
4.396000e+01 3.199803e+04 6.056820e+04
4.397000e+01 3.226135e+04 6.109661e+04
4.398000e+01 3.254860e+04 6.161288e+04
4.399000e+01 3.285927e+04 6.211595e+04
4.400000e+01 3.319278e+04 6.260483e+04
4.401000e+01 3.354854e+04 6.307852e+04
4.402000e+01 3.392589e+04 6.353607e+04
4.403000e+01 3.432414e+04 6.397652e+04
4.404000e+01 3.474255e+04 6.439899e+04
4.405000e+01 3.518036e+04 6.480259e+04
4.406000e+01 3.563676e+04 6.518647e+04
4.407000e+01 3.611090e+04 6.554983e+04
4.408000e+01 3.659121e+04 6.587664e+04
4.409000e+01 3.708429e+04 6.617687e+04
4.410000e+01 3.759238e+04 6.645437e+04
4.411000e+01 3.811450e+04 6.670846e+04
4.412000e+01 3.864964e+04 6.693853e+04
4.413000e+01 3.919678e+04 6.714399e+04
4.414000e+01 3.975485e+04 6.732430e+04
4.415000e+01 4.032278e+04 6.747898e+04
4.416000e+01 4.089947e+04 6.760758e+04
4.417000e+01 4.148379e+04 6.770970e+04
4.418000e+01 4.207462e+04 6.778498e+04
4.419000e+01 4.267077e+04 6.783313e+04
4.420000e+01 4.327110e+04 6.785389e+04
4.421000e+01 4.387443e+04 6.784703e+04
4.422000e+01 4.447956e+04 6.781242e+04
4.423000e+01 4.508527e+04 6.774990e+04
4.424000e+01 4.569036e+04 6.765945e+04
4.425000e+01 4.629364e+04 6.754106e+04
4.426000e+01 4.689392e+04 6.739479e+04
4.427000e+01 4.748997e+04 6.722073e+04
4.428000e+01 4.808061e+04 6.701901e+04
4.429000e+01 4.866461e+04 6.678986e+04
4.430000e+01 4.924080e+04 6.653349e+04
4.431000e+01 4.980799e+04 6.625025e+04
4.432000e+01 5.036500e+04 6.594045e+04
4.433000e+01 5.090731e+04 6.560431e+04
4.434000e+01 5.141751e+04 6.524145e+04
4.435000e+01 5.191413e+04 6.485338e+04
4.436000e+01 5.239606e+04 6.444065e+04
4.437000e+01 5.286221e+04 6.400386e+04
4.438000e+01 5.331152e+04 6.354364e+04
4.439000e+01 5.374298e+04 6.306067e+04
4.440000e+01 5.415556e+04 6.255568e+04
4.441000e+01 5.454831e+04 6.202946e+04
4.442000e+01 5.492028e+04 6.148280e+04
4.443000e+01 5.527053e+04 6.091655e+04
4.444000e+01 5.559823e+04 6.033162e+04
4.445000e+01 5.590254e+04 5.972893e+04
4.446000e+01 5.618262e+04 5.910945e+04
4.447000e+01 5.643775e+04 5.847417e+04
4.448000e+01 5.666721e+04 5.782415e+04
4.449000e+01 5.687030e+04 5.716043e+04
4.450000e+01 5.704641e+04 5.648411e+04
4.451000e+01 5.719495e+04 5.579632e+04
4.452000e+01 5.731538e+04 5.509820e+04
4.453000e+01 5.740722e+04 5.439093e+04
4.454000e+01 5.747001e+04 5.367570e+04
4.455000e+01 5.750338e+04 5.295371e+04
4.456000e+01 5.750697e+04 5.222622e+04
4.457000e+01 5.748048e+04 5.149446e+04
4.458000e+01 5.742370e+04 5.075969e+04
4.459000e+01 5.732876e+04 5.003250e+04
4.460000e+01 5.719623e+04 4.931332e+04
4.461000e+01 5.703300e+04 4.859498e+04
4.462000e+01 5.683905e+04 4.787876e+04
4.463000e+01 5.661441e+04 4.716596e+04
4.464000e+01 5.635917e+04 4.645787e+04
4.465000e+01 5.607345e+04 4.575580e+04
4.466000e+01 5.575747e+04 4.506102e+04
4.467000e+01 5.541145e+04 4.437482e+04
4.468000e+01 5.503570e+04 4.369846e+04
4.469000e+01 5.463059e+04 4.303323e+04
4.470000e+01 5.419651e+04 4.238036e+04
4.471000e+01 5.373393e+04 4.174107e+04
4.472000e+01 5.324338e+04 4.111660e+04
4.473000e+01 5.272539e+04 4.050811e+04
4.474000e+01 5.218061e+04 3.991679e+04
4.475000e+01 5.160967e+04 3.934381e+04
4.476000e+01 5.101331e+04 3.879025e+04
4.477000e+01 5.039229e+04 3.825722e+04
4.478000e+01 4.974741e+04 3.774579e+04
4.479000e+01 4.907953e+04 3.725697e+04
4.480000e+01 4.838954e+04 3.679176e+04
4.481000e+01 4.767837e+04 3.635112e+04
4.482000e+01 4.694702e+04 3.593596e+04
4.483000e+01 4.619651e+04 3.554717e+04
4.484000e+01 4.542788e+04 3.518558e+04
4.485000e+01 4.464741e+04 3.487327e+04
4.486000e+01 4.385161e+04 3.459205e+04
4.487000e+01 4.304108e+04 3.434026e+04
4.488000e+01 4.221702e+04 3.411858e+04
4.489000e+01 4.138065e+04 3.392760e+04
4.490000e+01 4.053321e+04 3.376788e+04
4.491000e+01 3.967596e+04 3.363990e+04
4.492000e+01 3.881021e+04 3.354414e+04
4.493000e+01 3.793726e+04 3.348100e+04
4.494000e+01 3.705845e+04 3.345081e+04
4.495000e+01 3.617513e+04 3.345385e+04
4.496000e+01 3.528864e+04 3.349037e+04
4.497000e+01 3.440037e+04 3.356053e+04
4.498000e+01 3.351169e+04 3.366444e+04
4.499000e+01 3.262399e+04 3.380219e+04
4.500000e+01 3.173865e+04 3.397376e+04
4.501000e+01 3.085708e+04 3.417910e+04
4.502000e+01 2.998065e+04 3.441811e+04
4.503000e+01 2.911074e+04 3.469059e+04
4.504000e+01 2.824876e+04 3.499634e+04
4.505000e+01 2.739606e+04 3.533506e+04
4.506000e+01 2.655399e+04 3.570639e+04
4.507000e+01 2.572394e+04 3.610995e+04
4.508000e+01 2.490721e+04 3.654529e+04
4.509000e+01 2.410512e+04 3.701187e+04
4.510000e+01 2.332561e+04 3.751231e+04
4.511000e+01 2.258066e+04 3.805101e+04
4.512000e+01 2.185417e+04 3.861909e+04
4.513000e+01 2.114734e+04 3.921584e+04
4.514000e+01 2.046138e+04 3.984045e+04
4.515000e+01 1.979744e+04 4.049209e+04
4.516000e+01 1.915665e+04 4.116992e+04
4.517000e+01 1.854009e+04 4.187296e+04
4.518000e+01 1.794881e+04 4.260027e+04
4.519000e+01 1.738385e+04 4.335082e+04
4.520000e+01 1.684615e+04 4.412355e+04
4.521000e+01 1.633665e+04 4.491736e+04
4.522000e+01 1.585623e+04 4.573110e+04
4.523000e+01 1.540570e+04 4.656360e+04
4.524000e+01 1.498589e+04 4.741364e+04
4.525000e+01 1.459751e+04 4.827997e+04
4.526000e+01 1.424124e+04 4.916130e+04
4.527000e+01 1.391771e+04 5.005634e+04
4.528000e+01 1.362752e+04 5.096373e+04
4.529000e+01 1.337119e+04 5.188213e+04
4.530000e+01 1.314916e+04 5.281013e+04
4.531000e+01 1.296185e+04 5.374636e+04
4.532000e+01 1.280962e+04 5.468936e+04
4.533000e+01 1.269275e+04 5.563771e+04
4.534000e+01 1.261148e+04 5.658995e+04
4.535000e+01 1.256597e+04 5.754463e+04
4.536000e+01 1.257386e+04 5.849269e+04
4.537000e+01 1.262695e+04 5.943622e+04
4.538000e+01 1.271595e+04 6.037777e+04
4.539000e+01 1.284078e+04 6.131583e+04
4.540000e+01 1.300131e+04 6.224894e+04
4.541000e+01 1.319735e+04 6.317562e+04
4.542000e+01 1.342862e+04 6.409440e+04
4.543000e+01 1.369481e+04 6.500385e+04
4.544000e+01 1.399554e+04 6.590248e+04
4.545000e+01 1.433037e+04 6.678890e+04
4.546000e+01 1.469879e+04 6.766169e+04
4.547000e+01 1.510023e+04 6.851945e+04
4.548000e+01 1.553410e+04 6.936081e+04
4.549000e+01 1.599969e+04 7.018445e+04
4.550000e+01 1.649628e+04 7.098903e+04
4.551000e+01 1.702307e+04 7.177327e+04
4.552000e+01 1.757923e+04 7.253593e+04
4.553000e+01 1.816387e+04 7.327577e+04
4.554000e+01 1.877603e+04 7.399162e+04
4.555000e+01 1.941471e+04 7.468234e+04
4.556000e+01 2.007886e+04 7.534681e+04
4.557000e+01 2.076740e+04 7.598399e+04
4.558000e+01 2.147918e+04 7.659286e+04
4.559000e+01 2.221301e+04 7.717244e+04
4.560000e+01 2.296771e+04 7.772184e+04
4.561000e+01 2.374231e+04 7.823923e+04
4.562000e+01 2.454550e+04 7.869578e+04
4.563000e+01 2.536566e+04 7.911969e+04
4.564000e+01 2.620141e+04 7.951025e+04
4.565000e+01 2.705133e+04 7.986680e+04
4.566000e+01 2.791403e+04 8.018875e+04
4.567000e+01 2.878802e+04 8.047559e+04
4.568000e+01 2.967184e+04 8.072680e+04
4.569000e+01 3.056400e+04 8.094199e+04
4.570000e+01 3.146297e+04 8.112083e+04
4.571000e+01 3.236727e+04 8.126303e+04
4.572000e+01 3.327532e+04 8.136836e+04
4.573000e+01 3.418561e+04 8.143668e+04
4.574000e+01 3.509655e+04 8.146787e+04
4.575000e+01 3.600658e+04 8.146194e+04
4.576000e+01 3.691415e+04 8.141890e+04
4.577000e+01 3.781769e+04 8.133886e+04
4.578000e+01 3.871564e+04 8.122201e+04
4.579000e+01 3.960644e+04 8.106856e+04
4.580000e+01 4.048856e+04 8.087882e+04
4.581000e+01 4.136046e+04 8.065315e+04
4.582000e+01 4.222061e+04 8.039199e+04
4.583000e+01 4.306753e+04 8.009585e+04
4.584000e+01 4.389971e+04 7.976524e+04
4.585000e+01 4.471572e+04 7.940081e+04
4.586000e+01 4.551411e+04 7.900324e+04
4.587000e+01 4.628732e+04 7.856089e+04
4.588000e+01 4.703119e+04 7.806894e+04
4.589000e+01 4.775332e+04 7.754627e+04
4.590000e+01 4.845239e+04 7.699375e+04
4.591000e+01 4.912714e+04 7.641240e+04
4.592000e+01 4.977634e+04 7.580321e+04
4.593000e+01 5.039880e+04 7.516729e+04
4.594000e+01 5.099337e+04 7.450574e+04
4.595000e+01 5.155897e+04 7.381977e+04
4.596000e+01 5.209453e+04 7.311057e+04
4.597000e+01 5.259905e+04 7.237942e+04
4.598000e+01 5.307162e+04 7.162766e+04
4.599000e+01 5.351131e+04 7.085660e+04
4.600000e+01 5.391732e+04 7.006767e+04
4.601000e+01 5.428886e+04 6.926227e+04
4.602000e+01 5.462520e+04 6.844188e+04
4.603000e+01 5.492570e+04 6.760796e+04
4.604000e+01 5.518977e+04 6.676206e+04
4.605000e+01 5.541687e+04 6.590573e+04
4.606000e+01 5.560653e+04 6.504052e+04
4.607000e+01 5.575837e+04 6.416803e+04
4.608000e+01 5.587206e+04 6.328987e+04
4.609000e+01 5.594730e+04 6.240766e+04
4.610000e+01 5.598392e+04 6.152303e+04
4.611000e+01 5.598180e+04 6.063764e+04
4.612000e+01 5.594084e+04 5.975312e+04
4.613000e+01 5.583451e+04 5.886249e+04
4.614000e+01 5.568213e+04 5.797365e+04
4.615000e+01 5.549117e+04 5.709067e+04
4.616000e+01 5.526184e+04 5.621519e+04
4.617000e+01 5.499446e+04 5.534884e+04
4.618000e+01 5.468936e+04 5.449326e+04
4.619000e+01 5.434699e+04 5.365008e+04
4.620000e+01 5.396781e+04 5.282088e+04
4.621000e+01 5.355242e+04 5.200724e+04
4.622000e+01 5.310142e+04 5.121073e+04
4.623000e+01 5.261552e+04 5.043288e+04
4.624000e+01 5.209548e+04 4.967518e+04
4.625000e+01 5.154212e+04 4.893912e+04
4.626000e+01 5.095632e+04 4.822614e+04
4.627000e+01 5.033905e+04 4.753764e+04
4.628000e+01 4.969131e+04 4.687498e+04
4.629000e+01 4.901415e+04 4.623950e+04
4.630000e+01 4.830871e+04 4.563246e+04
4.631000e+01 4.757615e+04 4.505511e+04
4.632000e+01 4.681772e+04 4.450864e+04
4.633000e+01 4.603469e+04 4.399415e+04
4.634000e+01 4.522840e+04 4.351278e+04
4.635000e+01 4.440022e+04 4.306551e+04
4.636000e+01 4.355157e+04 4.265333e+04
4.637000e+01 4.268391e+04 4.227715e+04
4.638000e+01 4.179348e+04 4.194053e+04
4.639000e+01 4.085948e+04 4.165574e+04
4.640000e+01 3.991108e+04 4.140930e+04
4.641000e+01 3.894991e+04 4.120191e+04
4.642000e+01 3.797759e+04 4.103411e+04
4.643000e+01 3.699578e+04 4.090645e+04
4.644000e+01 3.600617e+04 4.081939e+04
4.645000e+01 3.501046e+04 4.077331e+04
4.646000e+01 3.401038e+04 4.076852e+04
4.647000e+01 3.300767e+04 4.080525e+04
4.648000e+01 3.200407e+04 4.088369e+04
4.649000e+01 3.100134e+04 4.100393e+04
4.650000e+01 3.000127e+04 4.116598e+04
4.651000e+01 2.900557e+04 4.136980e+04
4.652000e+01 2.801607e+04 4.161524e+04
4.653000e+01 2.703447e+04 4.190214e+04
4.654000e+01 2.606257e+04 4.223020e+04
4.655000e+01 2.510211e+04 4.259906e+04
4.656000e+01 2.415481e+04 4.300830e+04
4.657000e+01 2.322239e+04 4.345746e+04
4.658000e+01 2.230655e+04 4.394594e+04
4.659000e+01 2.140896e+04 4.447311e+04
4.660000e+01 2.053126e+04 4.503825e+04
4.661000e+01 1.967511e+04 4.564059e+04
4.662000e+01 1.884204e+04 4.627928e+04
4.663000e+01 1.803367e+04 4.695340e+04
4.664000e+01 1.724527e+04 4.768129e+04
4.665000e+01 1.647921e+04 4.845923e+04
4.666000e+01 1.574225e+04 4.926947e+04
4.667000e+01 1.503578e+04 5.011085e+04
4.668000e+01 1.436116e+04 5.098210e+04
4.669000e+01 1.371966e+04 5.188198e+04
4.670000e+01 1.311256e+04 5.280911e+04
4.671000e+01 1.254101e+04 5.376211e+04
4.672000e+01 1.200614e+04 5.473952e+04
4.673000e+01 1.150906e+04 5.573986e+04
4.674000e+01 1.105073e+04 5.676158e+04
4.675000e+01 1.063212e+04 5.780310e+04
4.676000e+01 1.025411e+04 5.886279e+04
4.677000e+01 9.917494e+03 5.993899e+04
4.678000e+01 9.623007e+03 6.102999e+04
4.679000e+01 9.371365e+03 6.213406e+04
4.680000e+01 9.163133e+03 6.324944e+04
4.681000e+01 8.998852e+03 6.437435e+04
4.682000e+01 8.878965e+03 6.550697e+04
4.683000e+01 8.803859e+03 6.664546e+04
4.684000e+01 8.773815e+03 6.778799e+04
4.685000e+01 8.789095e+03 6.893267e+04
4.686000e+01 8.849814e+03 7.007763e+04
4.687000e+01 8.956063e+03 7.122099e+04
4.688000e+01 9.107809e+03 7.236087e+04
4.689000e+01 9.304979e+03 7.349536e+04
4.690000e+01 9.563128e+03 7.465347e+04
4.691000e+01 9.867743e+03 7.580536e+04
4.692000e+01 1.021706e+04 7.694621e+04
4.693000e+01 1.061065e+04 7.807420e+04
4.694000e+01 1.104803e+04 7.918745e+04
4.695000e+01 1.152864e+04 8.028414e+04
4.696000e+01 1.205184e+04 8.136249e+04
4.697000e+01 1.261692e+04 8.242069e+04
4.698000e+01 1.322310e+04 8.345698e+04
4.699000e+01 1.386950e+04 8.446966e+04
4.700000e+01 1.455522e+04 8.545703e+04
4.701000e+01 1.527923e+04 8.641747e+04
4.702000e+01 1.604045e+04 8.734934e+04
4.703000e+01 1.683776e+04 8.825108e+04
4.704000e+01 1.766993e+04 8.912118e+04
4.705000e+01 1.853569e+04 8.995817e+04
4.706000e+01 1.943371e+04 9.076062e+04
4.707000e+01 2.036260e+04 9.152719e+04
4.708000e+01 2.132090e+04 9.225656e+04
4.709000e+01 2.230710e+04 9.294748e+04
4.710000e+01 2.331964e+04 9.359878e+04
4.711000e+01 2.435689e+04 9.420930e+04
4.712000e+01 2.541721e+04 9.477806e+04
4.713000e+01 2.649890e+04 9.530400e+04
4.714000e+01 2.760018e+04 9.578625e+04
4.715000e+01 2.872953e+04 9.622733e+04
4.716000e+01 2.989992e+04 9.663132e+04
4.717000e+01 3.108445e+04 9.698932e+04
4.718000e+01 3.228118e+04 9.730066e+04
4.719000e+01 3.348826e+04 9.756483e+04
4.720000e+01 3.470372e+04 9.778140e+04
4.721000e+01 3.592562e+04 9.794996e+04
4.722000e+01 3.715198e+04 9.807025e+04
4.723000e+01 3.838080e+04 9.814202e+04
4.724000e+01 3.961009e+04 9.816518e+04
4.725000e+01 4.083784e+04 9.813964e+04
4.726000e+01 4.206203e+04 9.806547e+04
4.727000e+01 4.328066e+04 9.794277e+04
4.728000e+01 4.449173e+04 9.777176e+04
4.729000e+01 4.569321e+04 9.755272e+04
4.730000e+01 4.688314e+04 9.728602e+04
4.731000e+01 4.805952e+04 9.697212e+04
4.732000e+01 4.922043e+04 9.661156e+04
4.733000e+01 5.036389e+04 9.620495e+04
4.734000e+01 5.148801e+04 9.575301e+04
4.735000e+01 5.259091e+04 9.525650e+04
4.736000e+01 5.367074e+04 9.471630e+04
4.737000e+01 5.472566e+04 9.413334e+04
4.738000e+01 5.575390e+04 9.350863e+04
4.739000e+01 5.675374e+04 9.284327e+04
4.740000e+01 5.772347e+04 9.213843e+04
4.741000e+01 5.868232e+04 9.138456e+04
4.742000e+01 5.961826e+04 9.058837e+04
4.743000e+01 6.051930e+04 8.975659e+04
4.744000e+01 6.138397e+04 8.889068e+04
4.745000e+01 6.221084e+04 8.799213e+04
4.746000e+01 6.299854e+04 8.706251e+04
4.747000e+01 6.374577e+04 8.610342e+04
4.748000e+01 6.445131e+04 8.511654e+04
4.749000e+01 6.511396e+04 8.410362e+04
4.750000e+01 6.573268e+04 8.306642e+04
4.751000e+01 6.630642e+04 8.200676e+04
4.752000e+01 6.683421e+04 8.092651e+04
4.753000e+01 6.731524e+04 7.982758e+04
4.754000e+01 6.774870e+04 7.871191e+04
4.755000e+01 6.813389e+04 7.758149e+04
4.756000e+01 6.847017e+04 7.643832e+04
4.757000e+01 6.875701e+04 7.528444e+04
4.758000e+01 6.899397e+04 7.412191e+04
4.759000e+01 6.918066e+04 7.295281e+04
4.760000e+01 6.931681e+04 7.177924e+04
4.761000e+01 6.940223e+04 7.060331e+04
4.762000e+01 6.943682e+04 6.942715e+04
4.763000e+01 6.942053e+04 6.825286e+04
4.764000e+01 6.935348e+04 6.708259e+04
4.765000e+01 6.923580e+04 6.591846e+04
4.766000e+01 6.906813e+04 6.476124e+04
4.767000e+01 6.885857e+04 6.358459e+04
4.768000e+01 6.859941e+04 6.242043e+04
4.769000e+01 6.829117e+04 6.127080e+04
4.770000e+01 6.793444e+04 6.013777e+04
4.771000e+01 6.752995e+04 5.902339e+04
4.772000e+01 6.707844e+04 5.792968e+04
4.773000e+01 6.658078e+04 5.685857e+04
4.774000e+01 6.603791e+04 5.581205e+04
4.775000e+01 6.545088e+04 5.479200e+04
4.776000e+01 6.482078e+04 5.380027e+04
4.777000e+01 6.414880e+04 5.283871e+04
4.778000e+01 6.343621e+04 5.190907e+04
4.779000e+01 6.268433e+04 5.101304e+04
4.780000e+01 6.189461e+04 5.015231e+04
4.781000e+01 6.106848e+04 4.932849e+04
4.782000e+01 6.020754e+04 4.854309e+04
4.783000e+01 5.931338e+04 4.779760e+04
4.784000e+01 5.838767e+04 4.709342e+04
4.785000e+01 5.743217e+04 4.643190e+04
4.786000e+01 5.644866e+04 4.581431e+04
4.787000e+01 5.543902e+04 4.524183e+04
4.788000e+01 5.440511e+04 4.471558e+04
4.789000e+01 5.334891e+04 4.423659e+04
4.790000e+01 5.227241e+04 4.380583e+04
4.791000e+01 5.117765e+04 4.342415e+04
4.792000e+01 5.005953e+04 4.308249e+04
4.793000e+01 4.891744e+04 4.277779e+04
4.794000e+01 4.776340e+04 4.252427e+04
4.795000e+01 4.659960e+04 4.232247e+04
4.796000e+01 4.542819e+04 4.217279e+04
4.797000e+01 4.425141e+04 4.207558e+04
4.798000e+01 4.307149e+04 4.203110e+04
4.799000e+01 4.189063e+04 4.203947e+04
4.800000e+01 4.071111e+04 4.210077e+04
4.801000e+01 3.953517e+04 4.221497e+04
4.802000e+01 3.836504e+04 4.238193e+04
4.803000e+01 3.720298e+04 4.260141e+04
4.804000e+01 3.605124e+04 4.287310e+04
4.805000e+01 3.491201e+04 4.319659e+04
4.806000e+01 3.378753e+04 4.357136e+04
4.807000e+01 3.267998e+04 4.399682e+04
4.808000e+01 3.159151e+04 4.447225e+04
4.809000e+01 3.052427e+04 4.499687e+04
4.810000e+01 2.948036e+04 4.556983e+04
4.811000e+01 2.846186e+04 4.619013e+04
4.812000e+01 2.747080e+04 4.685673e+04
4.813000e+01 2.650915e+04 4.756848e+04
4.814000e+01 2.557886e+04 4.832416e+04
4.815000e+01 2.468182e+04 4.912245e+04
4.816000e+01 2.381988e+04 4.996196e+04
4.817000e+01 2.299481e+04 5.084125e+04
4.818000e+01 2.218678e+04 5.175976e+04
4.819000e+01 2.141350e+04 5.271511e+04
4.820000e+01 2.068204e+04 5.370538e+04
4.821000e+01 1.999394e+04 5.472879e+04
4.822000e+01 1.935061e+04 5.578352e+04
4.823000e+01 1.875347e+04 5.686770e+04
4.824000e+01 1.820377e+04 5.797936e+04
4.825000e+01 1.770274e+04 5.911651e+04
4.826000e+01 1.725151e+04 6.027709e+04
4.827000e+01 1.685110e+04 6.145901e+04
4.828000e+01 1.650248e+04 6.266012e+04
4.829000e+01 1.620650e+04 6.387822e+04
4.830000e+01 1.596396e+04 6.511109e+04
4.831000e+01 1.577551e+04 6.635645e+04
4.832000e+01 1.564173e+04 6.761202e+04
4.833000e+01 1.556312e+04 6.887547e+04
4.834000e+01 1.554010e+04 7.014446e+04
4.835000e+01 1.557290e+04 7.141664e+04
4.836000e+01 1.566175e+04 7.268962e+04
4.837000e+01 1.580674e+04 7.396101e+04
4.838000e+01 1.600785e+04 7.522843e+04
4.839000e+01 1.626499e+04 7.648948e+04
4.840000e+01 1.657792e+04 7.774176e+04
4.841000e+01 1.694635e+04 7.898288e+04
4.842000e+01 1.736985e+04 8.021049e+04
4.843000e+01 1.784562e+04 8.142660e+04
4.844000e+01 1.836431e+04 8.264539e+04
4.845000e+01 1.893623e+04 8.384364e+04
4.846000e+01 1.956058e+04 8.501908e+04
4.847000e+01 2.023646e+04 8.616942e+04
4.848000e+01 2.096287e+04 8.729245e+04
4.849000e+01 2.173869e+04 8.838600e+04
4.850000e+01 2.256273e+04 8.944793e+04
4.851000e+01 2.343374e+04 9.047614e+04
4.852000e+01 2.435031e+04 9.146861e+04
4.853000e+01 2.531101e+04 9.242335e+04
4.854000e+01 2.631427e+04 9.333843e+04
4.855000e+01 2.735850e+04 9.421201e+04
4.856000e+01 2.844196e+04 9.504228e+04
4.857000e+01 2.956287e+04 9.582755e+04
4.858000e+01 3.071939e+04 9.656612e+04
4.859000e+01 3.190957e+04 9.725646e+04
4.860000e+01 3.313144e+04 9.789708e+04
4.861000e+01 3.438293e+04 9.848654e+04
4.862000e+01 3.566189e+04 9.902354e+04
4.863000e+01 3.696616e+04 9.950683e+04
4.864000e+01 3.829350e+04 9.993528e+04
4.865000e+01 3.964163e+04 1.003078e+05
4.866000e+01 4.100821e+04 1.006235e+05
4.867000e+01 4.239088e+04 1.008814e+05
4.868000e+01 4.378720e+04 1.010809e+05
4.869000e+01 4.520346e+04 1.012378e+05
4.870000e+01 4.663560e+04 1.013487e+05
4.871000e+01 4.807398e+04 1.013993e+05
4.872000e+01 4.951591e+04 1.013891e+05
4.873000e+01 5.095852e+04 1.013169e+05
4.874000e+01 5.239974e+04 1.011837e+05
4.875000e+01 5.383698e+04 1.009896e+05
4.876000e+01 5.526767e+04 1.007347e+05
4.877000e+01 5.668927e+04 1.004190e+05
4.878000e+01 5.809919e+04 1.000431e+05
4.879000e+01 5.949487e+04 9.960713e+04
4.880000e+01 6.087378e+04 9.911172e+04
4.881000e+01 6.223340e+04 9.855746e+04
4.882000e+01 6.357123e+04 9.794507e+04
4.883000e+01 6.488476e+04 9.727540e+04
4.884000e+01 6.617161e+04 9.654936e+04
4.885000e+01 6.742934e+04 9.576800e+04
4.886000e+01 6.865558e+04 9.493244e+04
4.887000e+01 6.984804e+04 9.404393e+04
4.888000e+01 7.100444e+04 9.310382e+04
4.889000e+01 7.212255e+04 9.211353e+04
4.890000e+01 7.320023e+04 9.107458e+04
4.891000e+01 7.423538e+04 8.998861e+04
4.892000e+01 7.522596e+04 8.885731e+04
4.893000e+01 7.617002e+04 8.768249e+04
4.894000e+01 7.706568e+04 8.646601e+04
4.895000e+01 7.794904e+04 8.521882e+04
4.896000e+01 7.878346e+04 8.393470e+04
4.897000e+01 7.956429e+04 8.261504e+04
4.898000e+01 8.028995e+04 8.126205e+04
4.899000e+01 8.095901e+04 7.987797e+04
4.900000e+01 8.157003e+04 7.846512e+04
4.901000e+01 8.212178e+04 7.702588e+04
4.902000e+01 8.261305e+04 7.556268e+04
4.903000e+01 8.304276e+04 7.407801e+04
4.904000e+01 8.340995e+04 7.257439e+04
4.905000e+01 8.371371e+04 7.105443e+04
4.906000e+01 8.395330e+04 6.952071e+04
4.907000e+01 8.412803e+04 6.797591e+04
4.908000e+01 8.423738e+04 6.642270e+04
4.909000e+01 8.428090e+04 6.486379e+04
4.910000e+01 8.425827e+04 6.330191e+04
4.911000e+01 8.416926e+04 6.173981e+04
4.912000e+01 8.401379e+04 6.018024e+04
4.913000e+01 8.379187e+04 5.862597e+04
4.914000e+01 8.350365e+04 5.707977e+04
4.915000e+01 8.314935e+04 5.554440e+04
4.916000e+01 8.272937e+04 5.402261e+04
4.917000e+01 8.224415e+04 5.251717e+04
4.918000e+01 8.169432e+04 5.103077e+04
4.919000e+01 8.108059e+04 4.956615e+04
4.920000e+01 8.041687e+04 4.811817e+04
4.921000e+01 7.972119e+04 4.667931e+04
4.922000e+01 7.896442e+04 4.527016e+04
4.923000e+01 7.814769e+04 4.389327e+04
4.924000e+01 7.727231e+04 4.255117e+04
4.925000e+01 7.633961e+04 4.124634e+04
4.926000e+01 7.535109e+04 3.998119e+04
4.927000e+01 7.430833e+04 3.875807e+04
4.928000e+01 7.321300e+04 3.757929e+04
4.929000e+01 7.206689e+04 3.644708e+04
4.930000e+01 7.087188e+04 3.536358e+04
4.931000e+01 6.962991e+04 3.433088e+04
4.932000e+01 6.834305e+04 3.335097e+04
4.933000e+01 6.701343e+04 3.242575e+04
4.934000e+01 6.564328e+04 3.155708e+04
4.935000e+01 6.423490e+04 3.074670e+04
4.936000e+01 6.279066e+04 2.999621e+04
4.937000e+01 6.131300e+04 2.930719e+04
4.938000e+01 5.980444e+04 2.868107e+04
4.939000e+01 5.826755e+04 2.811920e+04
4.940000e+01 5.670496e+04 2.762280e+04
4.941000e+01 5.511936e+04 2.719301e+04
4.942000e+01 5.351349e+04 2.683082e+04
4.943000e+01 5.189012e+04 2.653716e+04
4.944000e+01 5.025209e+04 2.631282e+04
4.945000e+01 4.860223e+04 2.615844e+04
4.946000e+01 4.695567e+04 2.603751e+04
4.947000e+01 4.530886e+04 2.597002e+04
4.948000e+01 4.365897e+04 2.597381e+04
4.949000e+01 4.200895e+04 2.604903e+04
4.950000e+01 4.036175e+04 2.619579e+04
4.951000e+01 3.872034e+04 2.641399e+04
4.952000e+01 3.708768e+04 2.670346e+04
4.953000e+01 3.546673e+04 2.706390e+04
4.954000e+01 3.386046e+04 2.749487e+04
4.955000e+01 3.227177e+04 2.799583e+04
4.956000e+01 3.070358e+04 2.856609e+04
4.957000e+01 2.915881e+04 2.920486e+04
4.958000e+01 2.764028e+04 2.991120e+04
4.959000e+01 2.615083e+04 3.068409e+04
4.960000e+01 2.469324e+04 3.152237e+04
4.961000e+01 2.327022e+04 3.242474e+04
4.962000e+01 2.188448e+04 3.338983e+04
4.963000e+01 2.053864e+04 3.441612e+04
4.964000e+01 1.923526e+04 3.550201e+04
4.965000e+01 1.797684e+04 3.664577e+04
4.966000e+01 1.676581e+04 3.784556e+04
4.967000e+01 1.560454e+04 3.909946e+04
4.968000e+01 1.449529e+04 4.040542e+04
4.969000e+01 1.344025e+04 4.176133e+04
4.970000e+01 1.244155e+04 4.316494e+04
4.971000e+01 1.149993e+04 4.461073e+04
4.972000e+01 1.059743e+04 4.604472e+04
4.973000e+01 9.757022e+03 4.751921e+04
4.974000e+01 8.980423e+03 4.903169e+04
4.975000e+01 8.269244e+03 5.057948e+04
4.976000e+01 7.624980e+03 5.215990e+04
4.977000e+01 7.049042e+03 5.377015e+04
4.978000e+01 6.542683e+03 5.540745e+04
4.979000e+01 6.107103e+03 5.706888e+04
4.980000e+01 5.743313e+03 5.875151e+04
4.981000e+01 5.452249e+03 6.045235e+04
4.982000e+01 5.234693e+03 6.216840e+04
4.983000e+01 5.091326e+03 6.389658e+04
4.984000e+01 5.022686e+03 6.563383e+04
4.985000e+01 5.029192e+03 6.737700e+04
4.986000e+01 5.111108e+03 6.912298e+04
4.987000e+01 5.268618e+03 7.086861e+04
4.988000e+01 5.501721e+03 7.261073e+04
4.989000e+01 5.810316e+03 7.434620e+04
4.990000e+01 6.194161e+03 7.607186e+04
4.991000e+01 6.652867e+03 7.778453e+04
4.992000e+01 7.185937e+03 7.948110e+04
4.993000e+01 7.792730e+03 8.115844e+04
4.994000e+01 8.472462e+03 8.281346e+04
4.995000e+01 9.224247e+03 8.444310e+04
4.996000e+01 1.004706e+04 8.604433e+04
4.997000e+01 1.091589e+04 8.760021e+04
4.998000e+01 1.182199e+04 8.910349e+04
4.999000e+01 1.279527e+04 9.056951e+04
5.000000e+01 1.283776e+04 9.046398e+04
